query_name;latency_ms;nvmefs_metrics
1;29640.82;{"shared_temp.total_spill_bytes": 0, "shared_temp.active_temp_bytes": 0, "shared_temp.peak_temp_bytes": 0, "shared_temp.active_temp_files": 0, "shared_temp.peak_temp_files": 0, "tpch.total_wal_bytes": 0, "tpch.current_wal_bytes": 0, "tpch.peak_wal_bytes": 0, "tpch.total_db_bytes": 854542008320, "tpch.current_db_bytes": 854542004224, "tpch.peak_db_bytes": 854542004224}
2;5441.93;{"shared_temp.total_spill_bytes": 0, "shared_temp.active_temp_bytes": 0, "shared_temp.peak_temp_bytes": 0, "shared_temp.active_temp_files": 0, "shared_temp.peak_temp_files": 0, "tpch.total_wal_bytes": 0, "tpch.current_wal_bytes": 0, "tpch.peak_wal_bytes": 0, "tpch.total_db_bytes": 854542008320, "tpch.current_db_bytes": 854542004224, "tpch.peak_db_bytes": 854542004224}
3;35433.21;{"shared_temp.total_spill_bytes": 0, "shared_temp.active_temp_bytes": 0, "shared_temp.peak_temp_bytes": 0, "shared_temp.active_temp_files": 0, "shared_temp.peak_temp_files": 0, "tpch.total_wal_bytes": 0, "tpch.current_wal_bytes": 0, "tpch.peak_wal_bytes": 0, "tpch.total_db_bytes": 854542008320, "tpch.current_db_bytes": 854542004224, "tpch.peak_db_bytes": 854542004224}
4;24139.74;{"shared_temp.total_spill_bytes": 0, "shared_temp.active_temp_bytes": 0, "shared_temp.peak_temp_bytes": 0, "shared_temp.active_temp_files": 0, "shared_temp.peak_temp_files": 0, "tpch.total_wal_bytes": 0, "tpch.current_wal_bytes": 0, "tpch.peak_wal_bytes": 0, "tpch.total_db_bytes": 854542008320, "tpch.current_db_bytes": 854542004224, "tpch.peak_db_bytes": 854542004224}
5;34335.72;{"shared_temp.total_spill_bytes": 0, "shared_temp.active_temp_bytes": 0, "shared_temp.peak_temp_bytes": 0, "shared_temp.active_temp_files": 0, "shared_temp.peak_temp_files": 0, "tpch.total_wal_bytes": 0, "tpch.current_wal_bytes": 0, "tpch.peak_wal_bytes": 0, "tpch.total_db_bytes": 854542008320, "tpch.current_db_bytes": 854542004224, "tpch.peak_db_bytes": 854542004224}
6;26219.47;{"shared_temp.total_spill_bytes": 0, "shared_temp.active_temp_bytes": 0, "shared_temp.peak_temp_bytes": 0, "shared_temp.active_temp_files": 0, "shared_temp.peak_temp_files": 0, "tpch.total_wal_bytes": 0, "tpch.current_wal_bytes": 0, "tpch.peak_wal_bytes": 0, "tpch.total_db_bytes": 854542008320, "tpch.current_db_bytes": 854542004224, "tpch.peak_db_bytes": 854542004224}
7;108877.05;{"shared_temp.total_spill_bytes": 44415451136, "shared_temp.active_temp_bytes": 0, "shared_temp.peak_temp_bytes": 42936926208, "shared_temp.active_temp_files": 0, "shared_temp.peak_temp_files": 20, "tpch.total_wal_bytes": 0, "tpch.current_wal_bytes": 0, "tpch.peak_wal_bytes": 0, "tpch.total_db_bytes": 854542008320, "tpch.current_db_bytes": 854542004224, "tpch.peak_db_bytes": 854542004224}
8;45968.88;{"shared_temp.total_spill_bytes": 44415451136, "shared_temp.active_temp_bytes": 0, "shared_temp.peak_temp_bytes": 42936926208, "shared_temp.active_temp_files": 0, "shared_temp.peak_temp_files": 20, "tpch.total_wal_bytes": 0, "tpch.current_wal_bytes": 0, "tpch.peak_wal_bytes": 0, "tpch.total_db_bytes": 854542008320, "tpch.current_db_bytes": 854542004224, "tpch.peak_db_bytes": 854542004224}
9;528711.74;{"shared_temp.total_spill_bytes": 391313555456, "shared_temp.active_temp_bytes": 0, "shared_temp.peak_temp_bytes": 249178030080, "shared_temp.active_temp_files": 0, "shared_temp.peak_temp_files": 32, "tpch.total_wal_bytes": 0, "tpch.current_wal_bytes": 0, "tpch.peak_wal_bytes": 0, "tpch.total_db_bytes": 854542008320, "tpch.current_db_bytes": 854542004224, "tpch.peak_db_bytes": 854542004224}
10;372968.24;{"shared_temp.total_spill_bytes": 831110971392, "shared_temp.active_temp_bytes": 0, "shared_temp.peak_temp_bytes": 249178030080, "shared_temp.active_temp_files": 0, "shared_temp.peak_temp_files": 32, "tpch.total_wal_bytes": 0, "tpch.current_wal_bytes": 0, "tpch.peak_wal_bytes": 0, "tpch.total_db_bytes": 854542008320, "tpch.current_db_bytes": 854542004224, "tpch.peak_db_bytes": 854542004224}
11;3675.50;{"shared_temp.total_spill_bytes": 831110971392, "shared_temp.active_temp_bytes": 0, "shared_temp.peak_temp_bytes": 249178030080, "shared_temp.active_temp_files": 0, "shared_temp.peak_temp_files": 32, "tpch.total_wal_bytes": 0, "tpch.current_wal_bytes": 0, "tpch.peak_wal_bytes": 0, "tpch.total_db_bytes": 854542008320, "tpch.current_db_bytes": 854542004224, "tpch.peak_db_bytes": 854542004224}
12;26484.75;{"shared_temp.total_spill_bytes": 831110971392, "shared_temp.active_temp_bytes": 0, "shared_temp.peak_temp_bytes": 249178030080, "shared_temp.active_temp_files": 0, "shared_temp.peak_temp_files": 32, "tpch.total_wal_bytes": 0, "tpch.current_wal_bytes": 0, "tpch.peak_wal_bytes": 0, "tpch.total_db_bytes": 854542008320, "tpch.current_db_bytes": 854542004224, "tpch.peak_db_bytes": 854542004224}
13;160769.39;{"shared_temp.total_spill_bytes": 916549926912, "shared_temp.active_temp_bytes": 0, "shared_temp.peak_temp_bytes": 249178030080, "shared_temp.active_temp_files": 0, "shared_temp.peak_temp_files": 32, "tpch.total_wal_bytes": 0, "tpch.current_wal_bytes": 0, "tpch.peak_wal_bytes": 0, "tpch.total_db_bytes": 854542008320, "tpch.current_db_bytes": 854542004224, "tpch.peak_db_bytes": 854542004224}
14;49217.13;{"shared_temp.total_spill_bytes": 921308528640, "shared_temp.active_temp_bytes": 0, "shared_temp.peak_temp_bytes": 249178030080, "shared_temp.active_temp_files": 0, "shared_temp.peak_temp_files": 32, "tpch.total_wal_bytes": 0, "tpch.current_wal_bytes": 0, "tpch.peak_wal_bytes": 0, "tpch.total_db_bytes": 854542008320, "tpch.current_db_bytes": 854542004224, "tpch.peak_db_bytes": 854542004224}
15;29512.77;{"shared_temp.total_spill_bytes": 921308528640, "shared_temp.active_temp_bytes": 0, "shared_temp.peak_temp_bytes": 249178030080, "shared_temp.active_temp_files": 0, "shared_temp.peak_temp_files": 32, "tpch.total_wal_bytes": 0, "tpch.current_wal_bytes": 0, "tpch.peak_wal_bytes": 0, "tpch.total_db_bytes": 854542008320, "tpch.current_db_bytes": 854542004224, "tpch.peak_db_bytes": 854542004224}
16;25372.68;{"shared_temp.total_spill_bytes": 932802265088, "shared_temp.active_temp_bytes": 0, "shared_temp.peak_temp_bytes": 249178030080, "shared_temp.active_temp_files": 0, "shared_temp.peak_temp_files": 32, "tpch.total_wal_bytes": 0, "tpch.current_wal_bytes": 0, "tpch.peak_wal_bytes": 0, "tpch.total_db_bytes": 854542008320, "tpch.current_db_bytes": 854542004224, "tpch.peak_db_bytes": 854542004224}
17;41617.38;{"shared_temp.total_spill_bytes": 932802265088, "shared_temp.active_temp_bytes": 0, "shared_temp.peak_temp_bytes": 249178030080, "shared_temp.active_temp_files": 0, "shared_temp.peak_temp_files": 32, "tpch.total_wal_bytes": 0, "tpch.current_wal_bytes": 0, "tpch.peak_wal_bytes": 0, "tpch.total_db_bytes": 854542008320, "tpch.current_db_bytes": 854542004224, "tpch.peak_db_bytes": 854542004224}
18;1307041.75;{"shared_temp.total_spill_bytes": 3172809408512, "shared_temp.active_temp_bytes": 0, "shared_temp.peak_temp_bytes": 249178030080, "shared_temp.active_temp_files": 0, "shared_temp.peak_temp_files": 32, "tpch.total_wal_bytes": 0, "tpch.current_wal_bytes": 0, "tpch.peak_wal_bytes": 0, "tpch.total_db_bytes": 854542008320, "tpch.current_db_bytes": 854542004224, "tpch.peak_db_bytes": 854542004224}
19;58564.53;{"shared_temp.total_spill_bytes": 3179227086848, "shared_temp.active_temp_bytes": 0, "shared_temp.peak_temp_bytes": 249178030080, "shared_temp.active_temp_files": 0, "shared_temp.peak_temp_files": 32, "tpch.total_wal_bytes": 0, "tpch.current_wal_bytes": 0, "tpch.peak_wal_bytes": 0, "tpch.total_db_bytes": 854542008320, "tpch.current_db_bytes": 854542004224, "tpch.peak_db_bytes": 854542004224}
20;36337.25;{"shared_temp.total_spill_bytes": 3179227086848, "shared_temp.active_temp_bytes": 0, "shared_temp.peak_temp_bytes": 249178030080, "shared_temp.active_temp_files": 0, "shared_temp.peak_temp_files": 32, "tpch.total_wal_bytes": 0, "tpch.current_wal_bytes": 0, "tpch.peak_wal_bytes": 0, "tpch.total_db_bytes": 854542008320, "tpch.current_db_bytes": 854542004224, "tpch.peak_db_bytes": 854542004224}
21;186352.49;{"shared_temp.total_spill_bytes": 3274003677184, "shared_temp.active_temp_bytes": 0, "shared_temp.peak_temp_bytes": 249178030080, "shared_temp.active_temp_files": 0, "shared_temp.peak_temp_files": 32, "tpch.total_wal_bytes": 0, "tpch.current_wal_bytes": 0, "tpch.peak_wal_bytes": 0, "tpch.total_db_bytes": 854542008320, "tpch.current_db_bytes": 854542004224, "tpch.peak_db_bytes": 854542004224}
22;8798.05;{"shared_temp.total_spill_bytes": 3274003677184, "shared_temp.active_temp_bytes": 0, "shared_temp.peak_temp_bytes": 249178030080, "shared_temp.active_temp_files": 0, "shared_temp.peak_temp_files": 32, "tpch.total_wal_bytes": 0, "tpch.current_wal_bytes": 0, "tpch.peak_wal_bytes": 0, "tpch.total_db_bytes": 854542008320, "tpch.current_db_bytes": 854542004224, "tpch.peak_db_bytes": 854542004224}
1;29937.45;{"shared_temp.total_spill_bytes": 3274003677184, "shared_temp.active_temp_bytes": 0, "shared_temp.peak_temp_bytes": 249178030080, "shared_temp.active_temp_files": 0, "shared_temp.peak_temp_files": 32, "tpch.total_wal_bytes": 0, "tpch.current_wal_bytes": 0, "tpch.peak_wal_bytes": 0, "tpch.total_db_bytes": 854542008320, "tpch.current_db_bytes": 854542004224, "tpch.peak_db_bytes": 854542004224}
2;5387.59;{"shared_temp.total_spill_bytes": 3274003677184, "shared_temp.active_temp_bytes": 0, "shared_temp.peak_temp_bytes": 249178030080, "shared_temp.active_temp_files": 0, "shared_temp.peak_temp_files": 32, "tpch.total_wal_bytes": 0, "tpch.current_wal_bytes": 0, "tpch.peak_wal_bytes": 0, "tpch.total_db_bytes": 854542008320, "tpch.current_db_bytes": 854542004224, "tpch.peak_db_bytes": 854542004224}
3;32706.21;{"shared_temp.total_spill_bytes": 3274003677184, "shared_temp.active_temp_bytes": 0, "shared_temp.peak_temp_bytes": 249178030080, "shared_temp.active_temp_files": 0, "shared_temp.peak_temp_files": 32, "tpch.total_wal_bytes": 0, "tpch.current_wal_bytes": 0, "tpch.peak_wal_bytes": 0, "tpch.total_db_bytes": 854542008320, "tpch.current_db_bytes": 854542004224, "tpch.peak_db_bytes": 854542004224}
4;23397.64;{"shared_temp.total_spill_bytes": 3274003677184, "shared_temp.active_temp_bytes": 0, "shared_temp.peak_temp_bytes": 249178030080, "shared_temp.active_temp_files": 0, "shared_temp.peak_temp_files": 32, "tpch.total_wal_bytes": 0, "tpch.current_wal_bytes": 0, "tpch.peak_wal_bytes": 0, "tpch.total_db_bytes": 854542008320, "tpch.current_db_bytes": 854542004224, "tpch.peak_db_bytes": 854542004224}
5;33343.76;{"shared_temp.total_spill_bytes": 3274003677184, "shared_temp.active_temp_bytes": 0, "shared_temp.peak_temp_bytes": 249178030080, "shared_temp.active_temp_files": 0, "shared_temp.peak_temp_files": 32, "tpch.total_wal_bytes": 0, "tpch.current_wal_bytes": 0, "tpch.peak_wal_bytes": 0, "tpch.total_db_bytes": 854542008320, "tpch.current_db_bytes": 854542004224, "tpch.peak_db_bytes": 854542004224}
6;26205.79;{"shared_temp.total_spill_bytes": 3274003677184, "shared_temp.active_temp_bytes": 0, "shared_temp.peak_temp_bytes": 249178030080, "shared_temp.active_temp_files": 0, "shared_temp.peak_temp_files": 32, "tpch.total_wal_bytes": 0, "tpch.current_wal_bytes": 0, "tpch.peak_wal_bytes": 0, "tpch.total_db_bytes": 854542008320, "tpch.current_db_bytes": 854542004224, "tpch.peak_db_bytes": 854542004224}
7;107516.76;{"shared_temp.total_spill_bytes": 3318953115648, "shared_temp.active_temp_bytes": 0, "shared_temp.peak_temp_bytes": 249178030080, "shared_temp.active_temp_files": 0, "shared_temp.peak_temp_files": 32, "tpch.total_wal_bytes": 0, "tpch.current_wal_bytes": 0, "tpch.peak_wal_bytes": 0, "tpch.total_db_bytes": 854542008320, "tpch.current_db_bytes": 854542004224, "tpch.peak_db_bytes": 854542004224}
8;45150.35;{"shared_temp.total_spill_bytes": 3318953115648, "shared_temp.active_temp_bytes": 0, "shared_temp.peak_temp_bytes": 249178030080, "shared_temp.active_temp_files": 0, "shared_temp.peak_temp_files": 32, "tpch.total_wal_bytes": 0, "tpch.current_wal_bytes": 0, "tpch.peak_wal_bytes": 0, "tpch.total_db_bytes": 854542008320, "tpch.current_db_bytes": 854542004224, "tpch.peak_db_bytes": 854542004224}
9;524569.35;{"shared_temp.total_spill_bytes": 3663365242880, "shared_temp.active_temp_bytes": 0, "shared_temp.peak_temp_bytes": 249178030080, "shared_temp.active_temp_files": 0, "shared_temp.peak_temp_files": 32, "tpch.total_wal_bytes": 0, "tpch.current_wal_bytes": 0, "tpch.peak_wal_bytes": 0, "tpch.total_db_bytes": 854542008320, "tpch.current_db_bytes": 854542004224, "tpch.peak_db_bytes": 854542004224}
10;368892.91;{"shared_temp.total_spill_bytes": 4102223167488, "shared_temp.active_temp_bytes": 0, "shared_temp.peak_temp_bytes": 249178030080, "shared_temp.active_temp_files": 0, "shared_temp.peak_temp_files": 32, "tpch.total_wal_bytes": 0, "tpch.current_wal_bytes": 0, "tpch.peak_wal_bytes": 0, "tpch.total_db_bytes": 854542008320, "tpch.current_db_bytes": 854542004224, "tpch.peak_db_bytes": 854542004224}
11;3693.64;{"shared_temp.total_spill_bytes": 4102223167488, "shared_temp.active_temp_bytes": 0, "shared_temp.peak_temp_bytes": 249178030080, "shared_temp.active_temp_files": 0, "shared_temp.peak_temp_files": 32, "tpch.total_wal_bytes": 0, "tpch.current_wal_bytes": 0, "tpch.peak_wal_bytes": 0, "tpch.total_db_bytes": 854542008320, "tpch.current_db_bytes": 854542004224, "tpch.peak_db_bytes": 854542004224}
12;26280.69;{"shared_temp.total_spill_bytes": 4102223167488, "shared_temp.active_temp_bytes": 0, "shared_temp.peak_temp_bytes": 249178030080, "shared_temp.active_temp_files": 0, "shared_temp.peak_temp_files": 32, "tpch.total_wal_bytes": 0, "tpch.current_wal_bytes": 0, "tpch.peak_wal_bytes": 0, "tpch.total_db_bytes": 854542008320, "tpch.current_db_bytes": 854542004224, "tpch.peak_db_bytes": 854542004224}
13;159396.11;{"shared_temp.total_spill_bytes": 4187765604352, "shared_temp.active_temp_bytes": 0, "shared_temp.peak_temp_bytes": 249178030080, "shared_temp.active_temp_files": 0, "shared_temp.peak_temp_files": 32, "tpch.total_wal_bytes": 0, "tpch.current_wal_bytes": 0, "tpch.peak_wal_bytes": 0, "tpch.total_db_bytes": 854542008320, "tpch.current_db_bytes": 854542004224, "tpch.peak_db_bytes": 854542004224}
14;49703.36;{"shared_temp.total_spill_bytes": 4192600096768, "shared_temp.active_temp_bytes": 0, "shared_temp.peak_temp_bytes": 249178030080, "shared_temp.active_temp_files": 0, "shared_temp.peak_temp_files": 32, "tpch.total_wal_bytes": 0, "tpch.current_wal_bytes": 0, "tpch.peak_wal_bytes": 0, "tpch.total_db_bytes": 854542008320, "tpch.current_db_bytes": 854542004224, "tpch.peak_db_bytes": 854542004224}
15;29438.68;{"shared_temp.total_spill_bytes": 4192600096768, "shared_temp.active_temp_bytes": 0, "shared_temp.peak_temp_bytes": 249178030080, "shared_temp.active_temp_files": 0, "shared_temp.peak_temp_files": 32, "tpch.total_wal_bytes": 0, "tpch.current_wal_bytes": 0, "tpch.peak_wal_bytes": 0, "tpch.total_db_bytes": 854542008320, "tpch.current_db_bytes": 854542004224, "tpch.peak_db_bytes": 854542004224}
16;25153.98;{"shared_temp.total_spill_bytes": 4204063326208, "shared_temp.active_temp_bytes": 0, "shared_temp.peak_temp_bytes": 249178030080, "shared_temp.active_temp_files": 0, "shared_temp.peak_temp_files": 32, "tpch.total_wal_bytes": 0, "tpch.current_wal_bytes": 0, "tpch.peak_wal_bytes": 0, "tpch.total_db_bytes": 854542008320, "tpch.current_db_bytes": 854542004224, "tpch.peak_db_bytes": 854542004224}
17;41684.29;{"shared_temp.total_spill_bytes": 4204063326208, "shared_temp.active_temp_bytes": 0, "shared_temp.peak_temp_bytes": 249178030080, "shared_temp.active_temp_files": 0, "shared_temp.peak_temp_files": 32, "tpch.total_wal_bytes": 0, "tpch.current_wal_bytes": 0, "tpch.peak_wal_bytes": 0, "tpch.total_db_bytes": 854542008320, "tpch.current_db_bytes": 854542004224, "tpch.peak_db_bytes": 854542004224}
18;1304242.61;{"shared_temp.total_spill_bytes": 6442150592512, "shared_temp.active_temp_bytes": 0, "shared_temp.peak_temp_bytes": 249178030080, "shared_temp.active_temp_files": 0, "shared_temp.peak_temp_files": 32, "tpch.total_wal_bytes": 0, "tpch.current_wal_bytes": 0, "tpch.peak_wal_bytes": 0, "tpch.total_db_bytes": 854542008320, "tpch.current_db_bytes": 854542004224, "tpch.peak_db_bytes": 854542004224}
19;58528.14;{"shared_temp.total_spill_bytes": 6448476389376, "shared_temp.active_temp_bytes": 0, "shared_temp.peak_temp_bytes": 249178030080, "shared_temp.active_temp_files": 0, "shared_temp.peak_temp_files": 32, "tpch.total_wal_bytes": 0, "tpch.current_wal_bytes": 0, "tpch.peak_wal_bytes": 0, "tpch.total_db_bytes": 854542008320, "tpch.current_db_bytes": 854542004224, "tpch.peak_db_bytes": 854542004224}
20;36424.05;{"shared_temp.total_spill_bytes": 6448476389376, "shared_temp.active_temp_bytes": 0, "shared_temp.peak_temp_bytes": 249178030080, "shared_temp.active_temp_files": 0, "shared_temp.peak_temp_files": 32, "tpch.total_wal_bytes": 0, "tpch.current_wal_bytes": 0, "tpch.peak_wal_bytes": 0, "tpch.total_db_bytes": 854542008320, "tpch.current_db_bytes": 854542004224, "tpch.peak_db_bytes": 854542004224}
21;183034.23;{"shared_temp.total_spill_bytes": 6541454180352, "shared_temp.active_temp_bytes": 0, "shared_temp.peak_temp_bytes": 249178030080, "shared_temp.active_temp_files": 0, "shared_temp.peak_temp_files": 32, "tpch.total_wal_bytes": 0, "tpch.current_wal_bytes": 0, "tpch.peak_wal_bytes": 0, "tpch.total_db_bytes": 854542008320, "tpch.current_db_bytes": 854542004224, "tpch.peak_db_bytes": 854542004224}
22;9113.82;{"shared_temp.total_spill_bytes": 6541454180352, "shared_temp.active_temp_bytes": 0, "shared_temp.peak_temp_bytes": 249178030080, "shared_temp.active_temp_files": 0, "shared_temp.peak_temp_files": 32, "tpch.total_wal_bytes": 0, "tpch.current_wal_bytes": 0, "tpch.peak_wal_bytes": 0, "tpch.total_db_bytes": 854542008320, "tpch.current_db_bytes": 854542004224, "tpch.peak_db_bytes": 854542004224}
1;29945.32;{"shared_temp.total_spill_bytes": 6541454180352, "shared_temp.active_temp_bytes": 0, "shared_temp.peak_temp_bytes": 249178030080, "shared_temp.active_temp_files": 0, "shared_temp.peak_temp_files": 32, "tpch.total_wal_bytes": 0, "tpch.current_wal_bytes": 0, "tpch.peak_wal_bytes": 0, "tpch.total_db_bytes": 854542008320, "tpch.current_db_bytes": 854542004224, "tpch.peak_db_bytes": 854542004224}
2;5543.62;{"shared_temp.total_spill_bytes": 6541454180352, "shared_temp.active_temp_bytes": 0, "shared_temp.peak_temp_bytes": 249178030080, "shared_temp.active_temp_files": 0, "shared_temp.peak_temp_files": 32, "tpch.total_wal_bytes": 0, "tpch.current_wal_bytes": 0, "tpch.peak_wal_bytes": 0, "tpch.total_db_bytes": 854542008320, "tpch.current_db_bytes": 854542004224, "tpch.peak_db_bytes": 854542004224}
3;32613.12;{"shared_temp.total_spill_bytes": 6541454180352, "shared_temp.active_temp_bytes": 0, "shared_temp.peak_temp_bytes": 249178030080, "shared_temp.active_temp_files": 0, "shared_temp.peak_temp_files": 32, "tpch.total_wal_bytes": 0, "tpch.current_wal_bytes": 0, "tpch.peak_wal_bytes": 0, "tpch.total_db_bytes": 854542008320, "tpch.current_db_bytes": 854542004224, "tpch.peak_db_bytes": 854542004224}
4;23107.35;{"shared_temp.total_spill_bytes": 6541454180352, "shared_temp.active_temp_bytes": 0, "shared_temp.peak_temp_bytes": 249178030080, "shared_temp.active_temp_files": 0, "shared_temp.peak_temp_files": 32, "tpch.total_wal_bytes": 0, "tpch.current_wal_bytes": 0, "tpch.peak_wal_bytes": 0, "tpch.total_db_bytes": 854542008320, "tpch.current_db_bytes": 854542004224, "tpch.peak_db_bytes": 854542004224}
5;33493.01;{"shared_temp.total_spill_bytes": 6541454180352, "shared_temp.active_temp_bytes": 0, "shared_temp.peak_temp_bytes": 249178030080, "shared_temp.active_temp_files": 0, "shared_temp.peak_temp_files": 32, "tpch.total_wal_bytes": 0, "tpch.current_wal_bytes": 0, "tpch.peak_wal_bytes": 0, "tpch.total_db_bytes": 854542008320, "tpch.current_db_bytes": 854542004224, "tpch.peak_db_bytes": 854542004224}
6;25205.73;{"shared_temp.total_spill_bytes": 6541454180352, "shared_temp.active_temp_bytes": 0, "shared_temp.peak_temp_bytes": 249178030080, "shared_temp.active_temp_files": 0, "shared_temp.peak_temp_files": 32, "tpch.total_wal_bytes": 0, "tpch.current_wal_bytes": 0, "tpch.peak_wal_bytes": 0, "tpch.total_db_bytes": 854542008320, "tpch.current_db_bytes": 854542004224, "tpch.peak_db_bytes": 854542004224}
7;105494.43;{"shared_temp.total_spill_bytes": 6588010692608, "shared_temp.active_temp_bytes": 0, "shared_temp.peak_temp_bytes": 249178030080, "shared_temp.active_temp_files": 0, "shared_temp.peak_temp_files": 32, "tpch.total_wal_bytes": 0, "tpch.current_wal_bytes": 0, "tpch.peak_wal_bytes": 0, "tpch.total_db_bytes": 854542008320, "tpch.current_db_bytes": 854542004224, "tpch.peak_db_bytes": 854542004224}
8;45798.36;{"shared_temp.total_spill_bytes": 6588010692608, "shared_temp.active_temp_bytes": 0, "shared_temp.peak_temp_bytes": 249178030080, "shared_temp.active_temp_files": 0, "shared_temp.peak_temp_files": 32, "tpch.total_wal_bytes": 0, "tpch.current_wal_bytes": 0, "tpch.peak_wal_bytes": 0, "tpch.total_db_bytes": 854542008320, "tpch.current_db_bytes": 854542004224, "tpch.peak_db_bytes": 854542004224}
9;520966.01;{"shared_temp.total_spill_bytes": 6934364127232, "shared_temp.active_temp_bytes": 0, "shared_temp.peak_temp_bytes": 249178030080, "shared_temp.active_temp_files": 0, "shared_temp.peak_temp_files": 32, "tpch.total_wal_bytes": 0, "tpch.current_wal_bytes": 0, "tpch.peak_wal_bytes": 0, "tpch.total_db_bytes": 854542008320, "tpch.current_db_bytes": 854542004224, "tpch.peak_db_bytes": 854542004224}
10;362042.55;{"shared_temp.total_spill_bytes": 7366941114368, "shared_temp.active_temp_bytes": 0, "shared_temp.peak_temp_bytes": 249178030080, "shared_temp.active_temp_files": 0, "shared_temp.peak_temp_files": 32, "tpch.total_wal_bytes": 0, "tpch.current_wal_bytes": 0, "tpch.peak_wal_bytes": 0, "tpch.total_db_bytes": 854542008320, "tpch.current_db_bytes": 854542004224, "tpch.peak_db_bytes": 854542004224}
11;3666.97;{"shared_temp.total_spill_bytes": 7366941114368, "shared_temp.active_temp_bytes": 0, "shared_temp.peak_temp_bytes": 249178030080, "shared_temp.active_temp_files": 0, "shared_temp.peak_temp_files": 32, "tpch.total_wal_bytes": 0, "tpch.current_wal_bytes": 0, "tpch.peak_wal_bytes": 0, "tpch.total_db_bytes": 854542008320, "tpch.current_db_bytes": 854542004224, "tpch.peak_db_bytes": 854542004224}
12;26608.42;{"shared_temp.total_spill_bytes": 7366941114368, "shared_temp.active_temp_bytes": 0, "shared_temp.peak_temp_bytes": 249178030080, "shared_temp.active_temp_files": 0, "shared_temp.peak_temp_files": 32, "tpch.total_wal_bytes": 0, "tpch.current_wal_bytes": 0, "tpch.peak_wal_bytes": 0, "tpch.total_db_bytes": 854542008320, "tpch.current_db_bytes": 854542004224, "tpch.peak_db_bytes": 854542004224}
13;159980.52;{"shared_temp.total_spill_bytes": 7453008166912, "shared_temp.active_temp_bytes": 0, "shared_temp.peak_temp_bytes": 249178030080, "shared_temp.active_temp_files": 0, "shared_temp.peak_temp_files": 32, "tpch.total_wal_bytes": 0, "tpch.current_wal_bytes": 0, "tpch.peak_wal_bytes": 0, "tpch.total_db_bytes": 854542008320, "tpch.current_db_bytes": 854542004224, "tpch.peak_db_bytes": 854542004224}
14;49604.67;{"shared_temp.total_spill_bytes": 7457882570752, "shared_temp.active_temp_bytes": 0, "shared_temp.peak_temp_bytes": 249178030080, "shared_temp.active_temp_files": 0, "shared_temp.peak_temp_files": 32, "tpch.total_wal_bytes": 0, "tpch.current_wal_bytes": 0, "tpch.peak_wal_bytes": 0, "tpch.total_db_bytes": 854542008320, "tpch.current_db_bytes": 854542004224, "tpch.peak_db_bytes": 854542004224}
15;29455.63;{"shared_temp.total_spill_bytes": 7457882570752, "shared_temp.active_temp_bytes": 0, "shared_temp.peak_temp_bytes": 249178030080, "shared_temp.active_temp_files": 0, "shared_temp.peak_temp_files": 32, "tpch.total_wal_bytes": 0, "tpch.current_wal_bytes": 0, "tpch.peak_wal_bytes": 0, "tpch.total_db_bytes": 854542008320, "tpch.current_db_bytes": 854542004224, "tpch.peak_db_bytes": 854542004224}
16;24928.64;{"shared_temp.total_spill_bytes": 7469119012864, "shared_temp.active_temp_bytes": 0, "shared_temp.peak_temp_bytes": 249178030080, "shared_temp.active_temp_files": 0, "shared_temp.peak_temp_files": 32, "tpch.total_wal_bytes": 0, "tpch.current_wal_bytes": 0, "tpch.peak_wal_bytes": 0, "tpch.total_db_bytes": 854542008320, "tpch.current_db_bytes": 854542004224, "tpch.peak_db_bytes": 854542004224}
17;41586.42;{"shared_temp.total_spill_bytes": 7469119012864, "shared_temp.active_temp_bytes": 0, "shared_temp.peak_temp_bytes": 249178030080, "shared_temp.active_temp_files": 0, "shared_temp.peak_temp_files": 32, "tpch.total_wal_bytes": 0, "tpch.current_wal_bytes": 0, "tpch.peak_wal_bytes": 0, "tpch.total_db_bytes": 854542008320, "tpch.current_db_bytes": 854542004224, "tpch.peak_db_bytes": 854542004224}
18;1310577.08;{"shared_temp.total_spill_bytes": 9707500339200, "shared_temp.active_temp_bytes": 0, "shared_temp.peak_temp_bytes": 249178030080, "shared_temp.active_temp_files": 0, "shared_temp.peak_temp_files": 32, "tpch.total_wal_bytes": 0, "tpch.current_wal_bytes": 0, "tpch.peak_wal_bytes": 0, "tpch.total_db_bytes": 854542008320, "tpch.current_db_bytes": 854542004224, "tpch.peak_db_bytes": 854542004224}
19;58774.86;{"shared_temp.total_spill_bytes": 9713851367424, "shared_temp.active_temp_bytes": 0, "shared_temp.peak_temp_bytes": 249178030080, "shared_temp.active_temp_files": 0, "shared_temp.peak_temp_files": 32, "tpch.total_wal_bytes": 0, "tpch.current_wal_bytes": 0, "tpch.peak_wal_bytes": 0, "tpch.total_db_bytes": 854542008320, "tpch.current_db_bytes": 854542004224, "tpch.peak_db_bytes": 854542004224}
20;36320.55;{"shared_temp.total_spill_bytes": 9713851367424, "shared_temp.active_temp_bytes": 0, "shared_temp.peak_temp_bytes": 249178030080, "shared_temp.active_temp_files": 0, "shared_temp.peak_temp_files": 32, "tpch.total_wal_bytes": 0, "tpch.current_wal_bytes": 0, "tpch.peak_wal_bytes": 0, "tpch.total_db_bytes": 854542008320, "tpch.current_db_bytes": 854542004224, "tpch.peak_db_bytes": 854542004224}
21;177555.10;{"shared_temp.total_spill_bytes": 9808774758400, "shared_temp.active_temp_bytes": 0, "shared_temp.peak_temp_bytes": 249178030080, "shared_temp.active_temp_files": 0, "shared_temp.peak_temp_files": 32, "tpch.total_wal_bytes": 0, "tpch.current_wal_bytes": 0, "tpch.peak_wal_bytes": 0, "tpch.total_db_bytes": 854542008320, "tpch.current_db_bytes": 854542004224, "tpch.peak_db_bytes": 854542004224}
22;9614.21;{"shared_temp.total_spill_bytes": 9808774758400, "shared_temp.active_temp_bytes": 0, "shared_temp.peak_temp_bytes": 249178030080, "shared_temp.active_temp_files": 0, "shared_temp.peak_temp_files": 32, "tpch.total_wal_bytes": 0, "tpch.current_wal_bytes": 0, "tpch.peak_wal_bytes": 0, "tpch.total_db_bytes": 854542008320, "tpch.current_db_bytes": 854542004224, "tpch.peak_db_bytes": 854542004224}
1;29952.91;{"shared_temp.total_spill_bytes": 9808774758400, "shared_temp.active_temp_bytes": 0, "shared_temp.peak_temp_bytes": 249178030080, "shared_temp.active_temp_files": 0, "shared_temp.peak_temp_files": 32, "tpch.total_wal_bytes": 0, "tpch.current_wal_bytes": 0, "tpch.peak_wal_bytes": 0, "tpch.total_db_bytes": 854542008320, "tpch.current_db_bytes": 854542004224, "tpch.peak_db_bytes": 854542004224}
2;5513.98;{"shared_temp.total_spill_bytes": 9808774758400, "shared_temp.active_temp_bytes": 0, "shared_temp.peak_temp_bytes": 249178030080, "shared_temp.active_temp_files": 0, "shared_temp.peak_temp_files": 32, "tpch.total_wal_bytes": 0, "tpch.current_wal_bytes": 0, "tpch.peak_wal_bytes": 0, "tpch.total_db_bytes": 854542008320, "tpch.current_db_bytes": 854542004224, "tpch.peak_db_bytes": 854542004224}
3;33599.61;{"shared_temp.total_spill_bytes": 9808774758400, "shared_temp.active_temp_bytes": 0, "shared_temp.peak_temp_bytes": 249178030080, "shared_temp.active_temp_files": 0, "shared_temp.peak_temp_files": 32, "tpch.total_wal_bytes": 0, "tpch.current_wal_bytes": 0, "tpch.peak_wal_bytes": 0, "tpch.total_db_bytes": 854542008320, "tpch.current_db_bytes": 854542004224, "tpch.peak_db_bytes": 854542004224}
4;23553.39;{"shared_temp.total_spill_bytes": 9808774758400, "shared_temp.active_temp_bytes": 0, "shared_temp.peak_temp_bytes": 249178030080, "shared_temp.active_temp_files": 0, "shared_temp.peak_temp_files": 32, "tpch.total_wal_bytes": 0, "tpch.current_wal_bytes": 0, "tpch.peak_wal_bytes": 0, "tpch.total_db_bytes": 854542008320, "tpch.current_db_bytes": 854542004224, "tpch.peak_db_bytes": 854542004224}
5;33793.53;{"shared_temp.total_spill_bytes": 9808774758400, "shared_temp.active_temp_bytes": 0, "shared_temp.peak_temp_bytes": 249178030080, "shared_temp.active_temp_files": 0, "shared_temp.peak_temp_files": 32, "tpch.total_wal_bytes": 0, "tpch.current_wal_bytes": 0, "tpch.peak_wal_bytes": 0, "tpch.total_db_bytes": 854542008320, "tpch.current_db_bytes": 854542004224, "tpch.peak_db_bytes": 854542004224}
6;25756.68;{"shared_temp.total_spill_bytes": 9808774758400, "shared_temp.active_temp_bytes": 0, "shared_temp.peak_temp_bytes": 249178030080, "shared_temp.active_temp_files": 0, "shared_temp.peak_temp_files": 32, "tpch.total_wal_bytes": 0, "tpch.current_wal_bytes": 0, "tpch.peak_wal_bytes": 0, "tpch.total_db_bytes": 854542008320, "tpch.current_db_bytes": 854542004224, "tpch.peak_db_bytes": 854542004224}
7;106341.46;{"shared_temp.total_spill_bytes": 9854228430848, "shared_temp.active_temp_bytes": 0, "shared_temp.peak_temp_bytes": 249178030080, "shared_temp.active_temp_files": 0, "shared_temp.peak_temp_files": 32, "tpch.total_wal_bytes": 0, "tpch.current_wal_bytes": 0, "tpch.peak_wal_bytes": 0, "tpch.total_db_bytes": 854542008320, "tpch.current_db_bytes": 854542004224, "tpch.peak_db_bytes": 854542004224}
8;45276.57;{"shared_temp.total_spill_bytes": 9854228430848, "shared_temp.active_temp_bytes": 0, "shared_temp.peak_temp_bytes": 249178030080, "shared_temp.active_temp_files": 0, "shared_temp.peak_temp_files": 32, "tpch.total_wal_bytes": 0, "tpch.current_wal_bytes": 0, "tpch.peak_wal_bytes": 0, "tpch.total_db_bytes": 854542008320, "tpch.current_db_bytes": 854542004224, "tpch.peak_db_bytes": 854542004224}
9;518283.92;{"shared_temp.total_spill_bytes": 10201444614144, "shared_temp.active_temp_bytes": 0, "shared_temp.peak_temp_bytes": 249178030080, "shared_temp.active_temp_files": 0, "shared_temp.peak_temp_files": 32, "tpch.total_wal_bytes": 0, "tpch.current_wal_bytes": 0, "tpch.peak_wal_bytes": 0, "tpch.total_db_bytes": 854542008320, "tpch.current_db_bytes": 854542004224, "tpch.peak_db_bytes": 854542004224}
10;370610.47;{"shared_temp.total_spill_bytes": 10643189235712, "shared_temp.active_temp_bytes": 0, "shared_temp.peak_temp_bytes": 249178030080, "shared_temp.active_temp_files": 0, "shared_temp.peak_temp_files": 32, "tpch.total_wal_bytes": 0, "tpch.current_wal_bytes": 0, "tpch.peak_wal_bytes": 0, "tpch.total_db_bytes": 854542008320, "tpch.current_db_bytes": 854542004224, "tpch.peak_db_bytes": 854542004224}
11;3675.80;{"shared_temp.total_spill_bytes": 10643189235712, "shared_temp.active_temp_bytes": 0, "shared_temp.peak_temp_bytes": 249178030080, "shared_temp.active_temp_files": 0, "shared_temp.peak_temp_files": 32, "tpch.total_wal_bytes": 0, "tpch.current_wal_bytes": 0, "tpch.peak_wal_bytes": 0, "tpch.total_db_bytes": 854542008320, "tpch.current_db_bytes": 854542004224, "tpch.peak_db_bytes": 854542004224}
12;26354.94;{"shared_temp.total_spill_bytes": 10643189235712, "shared_temp.active_temp_bytes": 0, "shared_temp.peak_temp_bytes": 249178030080, "shared_temp.active_temp_files": 0, "shared_temp.peak_temp_files": 32, "tpch.total_wal_bytes": 0, "tpch.current_wal_bytes": 0, "tpch.peak_wal_bytes": 0, "tpch.total_db_bytes": 854542008320, "tpch.current_db_bytes": 854542004224, "tpch.peak_db_bytes": 854542004224}
13;160373.82;{"shared_temp.total_spill_bytes": 10728783970304, "shared_temp.active_temp_bytes": 0, "shared_temp.peak_temp_bytes": 249178030080, "shared_temp.active_temp_files": 0, "shared_temp.peak_temp_files": 32, "tpch.total_wal_bytes": 0, "tpch.current_wal_bytes": 0, "tpch.peak_wal_bytes": 0, "tpch.total_db_bytes": 854542008320, "tpch.current_db_bytes": 854542004224, "tpch.peak_db_bytes": 854542004224}
14;48558.35;{"shared_temp.total_spill_bytes": 10733556695040, "shared_temp.active_temp_bytes": 0, "shared_temp.peak_temp_bytes": 249178030080, "shared_temp.active_temp_files": 0, "shared_temp.peak_temp_files": 32, "tpch.total_wal_bytes": 0, "tpch.current_wal_bytes": 0, "tpch.peak_wal_bytes": 0, "tpch.total_db_bytes": 854542008320, "tpch.current_db_bytes": 854542004224, "tpch.peak_db_bytes": 854542004224}
15;29429.25;{"shared_temp.total_spill_bytes": 10733556695040, "shared_temp.active_temp_bytes": 0, "shared_temp.peak_temp_bytes": 249178030080, "shared_temp.active_temp_files": 0, "shared_temp.peak_temp_files": 32, "tpch.total_wal_bytes": 0, "tpch.current_wal_bytes": 0, "tpch.peak_wal_bytes": 0, "tpch.total_db_bytes": 854542008320, "tpch.current_db_bytes": 854542004224, "tpch.peak_db_bytes": 854542004224}
16;25291.68;{"shared_temp.total_spill_bytes": 10745877659648, "shared_temp.active_temp_bytes": 0, "shared_temp.peak_temp_bytes": 249178030080, "shared_temp.active_temp_files": 0, "shared_temp.peak_temp_files": 32, "tpch.total_wal_bytes": 0, "tpch.current_wal_bytes": 0, "tpch.peak_wal_bytes": 0, "tpch.total_db_bytes": 854542008320, "tpch.current_db_bytes": 854542004224, "tpch.peak_db_bytes": 854542004224}
17;41826.06;{"shared_temp.total_spill_bytes": 10745877659648, "shared_temp.active_temp_bytes": 0, "shared_temp.peak_temp_bytes": 249178030080, "shared_temp.active_temp_files": 0, "shared_temp.peak_temp_files": 32, "tpch.total_wal_bytes": 0, "tpch.current_wal_bytes": 0, "tpch.peak_wal_bytes": 0, "tpch.total_db_bytes": 854542008320, "tpch.current_db_bytes": 854542004224, "tpch.peak_db_bytes": 854542004224}
18;1271841.67;{"shared_temp.total_spill_bytes": 12916080476160, "shared_temp.active_temp_bytes": 0, "shared_temp.peak_temp_bytes": 249178030080, "shared_temp.active_temp_files": 0, "shared_temp.peak_temp_files": 32, "tpch.total_wal_bytes": 0, "tpch.current_wal_bytes": 0, "tpch.peak_wal_bytes": 0, "tpch.total_db_bytes": 854542008320, "tpch.current_db_bytes": 854542004224, "tpch.peak_db_bytes": 854542004224}
19;56432.54;{"shared_temp.total_spill_bytes": 12922432815104, "shared_temp.active_temp_bytes": 0, "shared_temp.peak_temp_bytes": 249178030080, "shared_temp.active_temp_files": 0, "shared_temp.peak_temp_files": 32, "tpch.total_wal_bytes": 0, "tpch.current_wal_bytes": 0, "tpch.peak_wal_bytes": 0, "tpch.total_db_bytes": 854542008320, "tpch.current_db_bytes": 854542004224, "tpch.peak_db_bytes": 854542004224}
20;36318.24;{"shared_temp.total_spill_bytes": 12922432815104, "shared_temp.active_temp_bytes": 0, "shared_temp.peak_temp_bytes": 249178030080, "shared_temp.active_temp_files": 0, "shared_temp.peak_temp_files": 32, "tpch.total_wal_bytes": 0, "tpch.current_wal_bytes": 0, "tpch.peak_wal_bytes": 0, "tpch.total_db_bytes": 854542008320, "tpch.current_db_bytes": 854542004224, "tpch.peak_db_bytes": 854542004224}
21;189291.42;{"shared_temp.total_spill_bytes": 13016638095360, "shared_temp.active_temp_bytes": 0, "shared_temp.peak_temp_bytes": 249178030080, "shared_temp.active_temp_files": 0, "shared_temp.peak_temp_files": 32, "tpch.total_wal_bytes": 0, "tpch.current_wal_bytes": 0, "tpch.peak_wal_bytes": 0, "tpch.total_db_bytes": 854542008320, "tpch.current_db_bytes": 854542004224, "tpch.peak_db_bytes": 854542004224}
22;9547.54;{"shared_temp.total_spill_bytes": 13016638095360, "shared_temp.active_temp_bytes": 0, "shared_temp.peak_temp_bytes": 249178030080, "shared_temp.active_temp_files": 0, "shared_temp.peak_temp_files": 32, "tpch.total_wal_bytes": 0, "tpch.current_wal_bytes": 0, "tpch.peak_wal_bytes": 0, "tpch.total_db_bytes": 854542008320, "tpch.current_db_bytes": 854542004224, "tpch.peak_db_bytes": 854542004224}
1;29968.32;{"shared_temp.total_spill_bytes": 13016638095360, "shared_temp.active_temp_bytes": 0, "shared_temp.peak_temp_bytes": 249178030080, "shared_temp.active_temp_files": 0, "shared_temp.peak_temp_files": 32, "tpch.total_wal_bytes": 0, "tpch.current_wal_bytes": 0, "tpch.peak_wal_bytes": 0, "tpch.total_db_bytes": 854542008320, "tpch.current_db_bytes": 854542004224, "tpch.peak_db_bytes": 854542004224}
2;5421.01;{"shared_temp.total_spill_bytes": 13016638095360, "shared_temp.active_temp_bytes": 0, "shared_temp.peak_temp_bytes": 249178030080, "shared_temp.active_temp_files": 0, "shared_temp.peak_temp_files": 32, "tpch.total_wal_bytes": 0, "tpch.current_wal_bytes": 0, "tpch.peak_wal_bytes": 0, "tpch.total_db_bytes": 854542008320, "tpch.current_db_bytes": 854542004224, "tpch.peak_db_bytes": 854542004224}
3;32350.68;{"shared_temp.total_spill_bytes": 13016638095360, "shared_temp.active_temp_bytes": 0, "shared_temp.peak_temp_bytes": 249178030080, "shared_temp.active_temp_files": 0, "shared_temp.peak_temp_files": 32, "tpch.total_wal_bytes": 0, "tpch.current_wal_bytes": 0, "tpch.peak_wal_bytes": 0, "tpch.total_db_bytes": 854542008320, "tpch.current_db_bytes": 854542004224, "tpch.peak_db_bytes": 854542004224}
4;23031.51;{"shared_temp.total_spill_bytes": 13016638095360, "shared_temp.active_temp_bytes": 0, "shared_temp.peak_temp_bytes": 249178030080, "shared_temp.active_temp_files": 0, "shared_temp.peak_temp_files": 32, "tpch.total_wal_bytes": 0, "tpch.current_wal_bytes": 0, "tpch.peak_wal_bytes": 0, "tpch.total_db_bytes": 854542008320, "tpch.current_db_bytes": 854542004224, "tpch.peak_db_bytes": 854542004224}
5;33243.02;{"shared_temp.total_spill_bytes": 13016638095360, "shared_temp.active_temp_bytes": 0, "shared_temp.peak_temp_bytes": 249178030080, "shared_temp.active_temp_files": 0, "shared_temp.peak_temp_files": 32, "tpch.total_wal_bytes": 0, "tpch.current_wal_bytes": 0, "tpch.peak_wal_bytes": 0, "tpch.total_db_bytes": 854542008320, "tpch.current_db_bytes": 854542004224, "tpch.peak_db_bytes": 854542004224}
6;25901.47;{"shared_temp.total_spill_bytes": 13016638095360, "shared_temp.active_temp_bytes": 0, "shared_temp.peak_temp_bytes": 249178030080, "shared_temp.active_temp_files": 0, "shared_temp.peak_temp_files": 32, "tpch.total_wal_bytes": 0, "tpch.current_wal_bytes": 0, "tpch.peak_wal_bytes": 0, "tpch.total_db_bytes": 854542008320, "tpch.current_db_bytes": 854542004224, "tpch.peak_db_bytes": 854542004224}
7;106031.71;{"shared_temp.total_spill_bytes": 13063492993024, "shared_temp.active_temp_bytes": 0, "shared_temp.peak_temp_bytes": 249178030080, "shared_temp.active_temp_files": 0, "shared_temp.peak_temp_files": 32, "tpch.total_wal_bytes": 0, "tpch.current_wal_bytes": 0, "tpch.peak_wal_bytes": 0, "tpch.total_db_bytes": 854542008320, "tpch.current_db_bytes": 854542004224, "tpch.peak_db_bytes": 854542004224}
8;46096.99;{"shared_temp.total_spill_bytes": 13063492993024, "shared_temp.active_temp_bytes": 0, "shared_temp.peak_temp_bytes": 249178030080, "shared_temp.active_temp_files": 0, "shared_temp.peak_temp_files": 32, "tpch.total_wal_bytes": 0, "tpch.current_wal_bytes": 0, "tpch.peak_wal_bytes": 0, "tpch.total_db_bytes": 854542008320, "tpch.current_db_bytes": 854542004224, "tpch.peak_db_bytes": 854542004224}
9;523977.03;{"shared_temp.total_spill_bytes": 13412719198208, "shared_temp.active_temp_bytes": 0, "shared_temp.peak_temp_bytes": 249178030080, "shared_temp.active_temp_files": 0, "shared_temp.peak_temp_files": 32, "tpch.total_wal_bytes": 0, "tpch.current_wal_bytes": 0, "tpch.peak_wal_bytes": 0, "tpch.total_db_bytes": 854542008320, "tpch.current_db_bytes": 854542004224, "tpch.peak_db_bytes": 854542004224}
10;373619.61;{"shared_temp.total_spill_bytes": 13856883245056, "shared_temp.active_temp_bytes": 0, "shared_temp.peak_temp_bytes": 249178030080, "shared_temp.active_temp_files": 0, "shared_temp.peak_temp_files": 32, "tpch.total_wal_bytes": 0, "tpch.current_wal_bytes": 0, "tpch.peak_wal_bytes": 0, "tpch.total_db_bytes": 854542008320, "tpch.current_db_bytes": 854542004224, "tpch.peak_db_bytes": 854542004224}
11;3675.74;{"shared_temp.total_spill_bytes": 13856883245056, "shared_temp.active_temp_bytes": 0, "shared_temp.peak_temp_bytes": 249178030080, "shared_temp.active_temp_files": 0, "shared_temp.peak_temp_files": 32, "tpch.total_wal_bytes": 0, "tpch.current_wal_bytes": 0, "tpch.peak_wal_bytes": 0, "tpch.total_db_bytes": 854542008320, "tpch.current_db_bytes": 854542004224, "tpch.peak_db_bytes": 854542004224}
12;26124.78;{"shared_temp.total_spill_bytes": 13856883245056, "shared_temp.active_temp_bytes": 0, "shared_temp.peak_temp_bytes": 249178030080, "shared_temp.active_temp_files": 0, "shared_temp.peak_temp_files": 32, "tpch.total_wal_bytes": 0, "tpch.current_wal_bytes": 0, "tpch.peak_wal_bytes": 0, "tpch.total_db_bytes": 854542008320, "tpch.current_db_bytes": 854542004224, "tpch.peak_db_bytes": 854542004224}
13;161013.24;{"shared_temp.total_spill_bytes": 13942586605568, "shared_temp.active_temp_bytes": 0, "shared_temp.peak_temp_bytes": 249178030080, "shared_temp.active_temp_files": 0, "shared_temp.peak_temp_files": 32, "tpch.total_wal_bytes": 0, "tpch.current_wal_bytes": 0, "tpch.peak_wal_bytes": 0, "tpch.total_db_bytes": 854542008320, "tpch.current_db_bytes": 854542004224, "tpch.peak_db_bytes": 854542004224}
14;47980.50;{"shared_temp.total_spill_bytes": 13947398225920, "shared_temp.active_temp_bytes": 0, "shared_temp.peak_temp_bytes": 249178030080, "shared_temp.active_temp_files": 0, "shared_temp.peak_temp_files": 32, "tpch.total_wal_bytes": 0, "tpch.current_wal_bytes": 0, "tpch.peak_wal_bytes": 0, "tpch.total_db_bytes": 854542008320, "tpch.current_db_bytes": 854542004224, "tpch.peak_db_bytes": 854542004224}
15;29443.75;{"shared_temp.total_spill_bytes": 13947398225920, "shared_temp.active_temp_bytes": 0, "shared_temp.peak_temp_bytes": 249178030080, "shared_temp.active_temp_files": 0, "shared_temp.peak_temp_files": 32, "tpch.total_wal_bytes": 0, "tpch.current_wal_bytes": 0, "tpch.peak_wal_bytes": 0, "tpch.total_db_bytes": 854542008320, "tpch.current_db_bytes": 854542004224, "tpch.peak_db_bytes": 854542004224}
16;26459.00;{"shared_temp.total_spill_bytes": 13959998570496, "shared_temp.active_temp_bytes": 0, "shared_temp.peak_temp_bytes": 249178030080, "shared_temp.active_temp_files": 0, "shared_temp.peak_temp_files": 32, "tpch.total_wal_bytes": 0, "tpch.current_wal_bytes": 0, "tpch.peak_wal_bytes": 0, "tpch.total_db_bytes": 854542008320, "tpch.current_db_bytes": 854542004224, "tpch.peak_db_bytes": 854542004224}
17;41307.05;{"shared_temp.total_spill_bytes": 13959998570496, "shared_temp.active_temp_bytes": 0, "shared_temp.peak_temp_bytes": 249178030080, "shared_temp.active_temp_files": 0, "shared_temp.peak_temp_files": 32, "tpch.total_wal_bytes": 0, "tpch.current_wal_bytes": 0, "tpch.peak_wal_bytes": 0, "tpch.total_db_bytes": 854542008320, "tpch.current_db_bytes": 854542004224, "tpch.peak_db_bytes": 854542004224}
18;1311564.15;{"shared_temp.total_spill_bytes": 16194434924544, "shared_temp.active_temp_bytes": 0, "shared_temp.peak_temp_bytes": 249178030080, "shared_temp.active_temp_files": 0, "shared_temp.peak_temp_files": 32, "tpch.total_wal_bytes": 0, "tpch.current_wal_bytes": 0, "tpch.peak_wal_bytes": 0, "tpch.total_db_bytes": 854542008320, "tpch.current_db_bytes": 854542004224, "tpch.peak_db_bytes": 854542004224}
19;58553.07;{"shared_temp.total_spill_bytes": 16200768487424, "shared_temp.active_temp_bytes": 0, "shared_temp.peak_temp_bytes": 249178030080, "shared_temp.active_temp_files": 0, "shared_temp.peak_temp_files": 32, "tpch.total_wal_bytes": 0, "tpch.current_wal_bytes": 0, "tpch.peak_wal_bytes": 0, "tpch.total_db_bytes": 854542008320, "tpch.current_db_bytes": 854542004224, "tpch.peak_db_bytes": 854542004224}
20;36317.74;{"shared_temp.total_spill_bytes": 16200768487424, "shared_temp.active_temp_bytes": 0, "shared_temp.peak_temp_bytes": 249178030080, "shared_temp.active_temp_files": 0, "shared_temp.peak_temp_files": 32, "tpch.total_wal_bytes": 0, "tpch.current_wal_bytes": 0, "tpch.peak_wal_bytes": 0, "tpch.total_db_bytes": 854542008320, "tpch.current_db_bytes": 854542004224, "tpch.peak_db_bytes": 854542004224}
21;178062.27;{"shared_temp.total_spill_bytes": 16287657984000, "shared_temp.active_temp_bytes": 0, "shared_temp.peak_temp_bytes": 249178030080, "shared_temp.active_temp_files": 0, "shared_temp.peak_temp_files": 32, "tpch.total_wal_bytes": 0, "tpch.current_wal_bytes": 0, "tpch.peak_wal_bytes": 0, "tpch.total_db_bytes": 854542008320, "tpch.current_db_bytes": 854542004224, "tpch.peak_db_bytes": 854542004224}
22;9618.75;{"shared_temp.total_spill_bytes": 16287657984000, "shared_temp.active_temp_bytes": 0, "shared_temp.peak_temp_bytes": 249178030080, "shared_temp.active_temp_files": 0, "shared_temp.peak_temp_files": 32, "tpch.total_wal_bytes": 0, "tpch.current_wal_bytes": 0, "tpch.peak_wal_bytes": 0, "tpch.total_db_bytes": 854542008320, "tpch.current_db_bytes": 854542004224, "tpch.peak_db_bytes": 854542004224}
1;29954.71;{"shared_temp.total_spill_bytes": 16287657984000, "shared_temp.active_temp_bytes": 0, "shared_temp.peak_temp_bytes": 249178030080, "shared_temp.active_temp_files": 0, "shared_temp.peak_temp_files": 32, "tpch.total_wal_bytes": 0, "tpch.current_wal_bytes": 0, "tpch.peak_wal_bytes": 0, "tpch.total_db_bytes": 854542008320, "tpch.current_db_bytes": 854542004224, "tpch.peak_db_bytes": 854542004224}
2;5572.89;{"shared_temp.total_spill_bytes": 16287657984000, "shared_temp.active_temp_bytes": 0, "shared_temp.peak_temp_bytes": 249178030080, "shared_temp.active_temp_files": 0, "shared_temp.peak_temp_files": 32, "tpch.total_wal_bytes": 0, "tpch.current_wal_bytes": 0, "tpch.peak_wal_bytes": 0, "tpch.total_db_bytes": 854542008320, "tpch.current_db_bytes": 854542004224, "tpch.peak_db_bytes": 854542004224}
3;32520.61;{"shared_temp.total_spill_bytes": 16287657984000, "shared_temp.active_temp_bytes": 0, "shared_temp.peak_temp_bytes": 249178030080, "shared_temp.active_temp_files": 0, "shared_temp.peak_temp_files": 32, "tpch.total_wal_bytes": 0, "tpch.current_wal_bytes": 0, "tpch.peak_wal_bytes": 0, "tpch.total_db_bytes": 854542008320, "tpch.current_db_bytes": 854542004224, "tpch.peak_db_bytes": 854542004224}
4;23330.95;{"shared_temp.total_spill_bytes": 16287657984000, "shared_temp.active_temp_bytes": 0, "shared_temp.peak_temp_bytes": 249178030080, "shared_temp.active_temp_files": 0, "shared_temp.peak_temp_files": 32, "tpch.total_wal_bytes": 0, "tpch.current_wal_bytes": 0, "tpch.peak_wal_bytes": 0, "tpch.total_db_bytes": 854542008320, "tpch.current_db_bytes": 854542004224, "tpch.peak_db_bytes": 854542004224}
5;34056.03;{"shared_temp.total_spill_bytes": 16287657984000, "shared_temp.active_temp_bytes": 0, "shared_temp.peak_temp_bytes": 249178030080, "shared_temp.active_temp_files": 0, "shared_temp.peak_temp_files": 32, "tpch.total_wal_bytes": 0, "tpch.current_wal_bytes": 0, "tpch.peak_wal_bytes": 0, "tpch.total_db_bytes": 854542008320, "tpch.current_db_bytes": 854542004224, "tpch.peak_db_bytes": 854542004224}
6;25947.18;{"shared_temp.total_spill_bytes": 16287657984000, "shared_temp.active_temp_bytes": 0, "shared_temp.peak_temp_bytes": 249178030080, "shared_temp.active_temp_files": 0, "shared_temp.peak_temp_files": 32, "tpch.total_wal_bytes": 0, "tpch.current_wal_bytes": 0, "tpch.peak_wal_bytes": 0, "tpch.total_db_bytes": 854542008320, "tpch.current_db_bytes": 854542004224, "tpch.peak_db_bytes": 854542004224}
7;106257.48;{"shared_temp.total_spill_bytes": 16334374764544, "shared_temp.active_temp_bytes": 0, "shared_temp.peak_temp_bytes": 249178030080, "shared_temp.active_temp_files": 0, "shared_temp.peak_temp_files": 32, "tpch.total_wal_bytes": 0, "tpch.current_wal_bytes": 0, "tpch.peak_wal_bytes": 0, "tpch.total_db_bytes": 854542008320, "tpch.current_db_bytes": 854542004224, "tpch.peak_db_bytes": 854542004224}
8;45657.38;{"shared_temp.total_spill_bytes": 16334374764544, "shared_temp.active_temp_bytes": 0, "shared_temp.peak_temp_bytes": 249178030080, "shared_temp.active_temp_files": 0, "shared_temp.peak_temp_files": 32, "tpch.total_wal_bytes": 0, "tpch.current_wal_bytes": 0, "tpch.peak_wal_bytes": 0, "tpch.total_db_bytes": 854542008320, "tpch.current_db_bytes": 854542004224, "tpch.peak_db_bytes": 854542004224}
9;522779.21;{"shared_temp.total_spill_bytes": 16682866343936, "shared_temp.active_temp_bytes": 0, "shared_temp.peak_temp_bytes": 249178030080, "shared_temp.active_temp_files": 0, "shared_temp.peak_temp_files": 32, "tpch.total_wal_bytes": 0, "tpch.current_wal_bytes": 0, "tpch.peak_wal_bytes": 0, "tpch.total_db_bytes": 854542008320, "tpch.current_db_bytes": 854542004224, "tpch.peak_db_bytes": 854542004224}
10;357021.21;{"shared_temp.total_spill_bytes": 17111072997376, "shared_temp.active_temp_bytes": 0, "shared_temp.peak_temp_bytes": 249178030080, "shared_temp.active_temp_files": 0, "shared_temp.peak_temp_files": 32, "tpch.total_wal_bytes": 0, "tpch.current_wal_bytes": 0, "tpch.peak_wal_bytes": 0, "tpch.total_db_bytes": 854542008320, "tpch.current_db_bytes": 854542004224, "tpch.peak_db_bytes": 854542004224}
11;3661.83;{"shared_temp.total_spill_bytes": 17111072997376, "shared_temp.active_temp_bytes": 0, "shared_temp.peak_temp_bytes": 249178030080, "shared_temp.active_temp_files": 0, "shared_temp.peak_temp_files": 32, "tpch.total_wal_bytes": 0, "tpch.current_wal_bytes": 0, "tpch.peak_wal_bytes": 0, "tpch.total_db_bytes": 854542008320, "tpch.current_db_bytes": 854542004224, "tpch.peak_db_bytes": 854542004224}
12;26241.85;{"shared_temp.total_spill_bytes": 17111072997376, "shared_temp.active_temp_bytes": 0, "shared_temp.peak_temp_bytes": 249178030080, "shared_temp.active_temp_files": 0, "shared_temp.peak_temp_files": 32, "tpch.total_wal_bytes": 0, "tpch.current_wal_bytes": 0, "tpch.peak_wal_bytes": 0, "tpch.total_db_bytes": 854542008320, "tpch.current_db_bytes": 854542004224, "tpch.peak_db_bytes": 854542004224}
13;160713.18;{"shared_temp.total_spill_bytes": 17196589907968, "shared_temp.active_temp_bytes": 0, "shared_temp.peak_temp_bytes": 249178030080, "shared_temp.active_temp_files": 0, "shared_temp.peak_temp_files": 32, "tpch.total_wal_bytes": 0, "tpch.current_wal_bytes": 0, "tpch.peak_wal_bytes": 0, "tpch.total_db_bytes": 854542008320, "tpch.current_db_bytes": 854542004224, "tpch.peak_db_bytes": 854542004224}
14;47914.83;{"shared_temp.total_spill_bytes": 17201471291392, "shared_temp.active_temp_bytes": 0, "shared_temp.peak_temp_bytes": 249178030080, "shared_temp.active_temp_files": 0, "shared_temp.peak_temp_files": 32, "tpch.total_wal_bytes": 0, "tpch.current_wal_bytes": 0, "tpch.peak_wal_bytes": 0, "tpch.total_db_bytes": 854542008320, "tpch.current_db_bytes": 854542004224, "tpch.peak_db_bytes": 854542004224}
15;29477.15;{"shared_temp.total_spill_bytes": 17201471291392, "shared_temp.active_temp_bytes": 0, "shared_temp.peak_temp_bytes": 249178030080, "shared_temp.active_temp_files": 0, "shared_temp.peak_temp_files": 32, "tpch.total_wal_bytes": 0, "tpch.current_wal_bytes": 0, "tpch.peak_wal_bytes": 0, "tpch.total_db_bytes": 854542008320, "tpch.current_db_bytes": 854542004224, "tpch.peak_db_bytes": 854542004224}
16;25636.29;{"shared_temp.total_spill_bytes": 17213209903104, "shared_temp.active_temp_bytes": 0, "shared_temp.peak_temp_bytes": 249178030080, "shared_temp.active_temp_files": 0, "shared_temp.peak_temp_files": 32, "tpch.total_wal_bytes": 0, "tpch.current_wal_bytes": 0, "tpch.peak_wal_bytes": 0, "tpch.total_db_bytes": 854542008320, "tpch.current_db_bytes": 854542004224, "tpch.peak_db_bytes": 854542004224}
17;41798.81;{"shared_temp.total_spill_bytes": 17213209903104, "shared_temp.active_temp_bytes": 0, "shared_temp.peak_temp_bytes": 249178030080, "shared_temp.active_temp_files": 0, "shared_temp.peak_temp_files": 32, "tpch.total_wal_bytes": 0, "tpch.current_wal_bytes": 0, "tpch.peak_wal_bytes": 0, "tpch.total_db_bytes": 854542008320, "tpch.current_db_bytes": 854542004224, "tpch.peak_db_bytes": 854542004224}
18;1259424.26;{"shared_temp.total_spill_bytes": 19357462462464, "shared_temp.active_temp_bytes": 0, "shared_temp.peak_temp_bytes": 249178030080, "shared_temp.active_temp_files": 0, "shared_temp.peak_temp_files": 32, "tpch.total_wal_bytes": 0, "tpch.current_wal_bytes": 0, "tpch.peak_wal_bytes": 0, "tpch.total_db_bytes": 854542008320, "tpch.current_db_bytes": 854542004224, "tpch.peak_db_bytes": 854542004224}
19;58550.43;{"shared_temp.total_spill_bytes": 19363779051520, "shared_temp.active_temp_bytes": 0, "shared_temp.peak_temp_bytes": 249178030080, "shared_temp.active_temp_files": 0, "shared_temp.peak_temp_files": 32, "tpch.total_wal_bytes": 0, "tpch.current_wal_bytes": 0, "tpch.peak_wal_bytes": 0, "tpch.total_db_bytes": 854542008320, "tpch.current_db_bytes": 854542004224, "tpch.peak_db_bytes": 854542004224}
20;36363.87;{"shared_temp.total_spill_bytes": 19363779051520, "shared_temp.active_temp_bytes": 0, "shared_temp.peak_temp_bytes": 249178030080, "shared_temp.active_temp_files": 0, "shared_temp.peak_temp_files": 32, "tpch.total_wal_bytes": 0, "tpch.current_wal_bytes": 0, "tpch.peak_wal_bytes": 0, "tpch.total_db_bytes": 854542008320, "tpch.current_db_bytes": 854542004224, "tpch.peak_db_bytes": 854542004224}
21;180977.10;{"shared_temp.total_spill_bytes": 19457018363904, "shared_temp.active_temp_bytes": 0, "shared_temp.peak_temp_bytes": 249178030080, "shared_temp.active_temp_files": 0, "shared_temp.peak_temp_files": 32, "tpch.total_wal_bytes": 0, "tpch.current_wal_bytes": 0, "tpch.peak_wal_bytes": 0, "tpch.total_db_bytes": 854542008320, "tpch.current_db_bytes": 854542004224, "tpch.peak_db_bytes": 854542004224}
22;9365.87;{"shared_temp.total_spill_bytes": 19457018363904, "shared_temp.active_temp_bytes": 0, "shared_temp.peak_temp_bytes": 249178030080, "shared_temp.active_temp_files": 0, "shared_temp.peak_temp_files": 32, "tpch.total_wal_bytes": 0, "tpch.current_wal_bytes": 0, "tpch.peak_wal_bytes": 0, "tpch.total_db_bytes": 854542008320, "tpch.current_db_bytes": 854542004224, "tpch.peak_db_bytes": 854542004224}
1;29943.93;{"shared_temp.total_spill_bytes": 19457018363904, "shared_temp.active_temp_bytes": 0, "shared_temp.peak_temp_bytes": 249178030080, "shared_temp.active_temp_files": 0, "shared_temp.peak_temp_files": 32, "tpch.total_wal_bytes": 0, "tpch.current_wal_bytes": 0, "tpch.peak_wal_bytes": 0, "tpch.total_db_bytes": 854542008320, "tpch.current_db_bytes": 854542004224, "tpch.peak_db_bytes": 854542004224}
2;5291.05;{"shared_temp.total_spill_bytes": 19457018363904, "shared_temp.active_temp_bytes": 0, "shared_temp.peak_temp_bytes": 249178030080, "shared_temp.active_temp_files": 0, "shared_temp.peak_temp_files": 32, "tpch.total_wal_bytes": 0, "tpch.current_wal_bytes": 0, "tpch.peak_wal_bytes": 0, "tpch.total_db_bytes": 854542008320, "tpch.current_db_bytes": 854542004224, "tpch.peak_db_bytes": 854542004224}
3;32574.41;{"shared_temp.total_spill_bytes": 19457018363904, "shared_temp.active_temp_bytes": 0, "shared_temp.peak_temp_bytes": 249178030080, "shared_temp.active_temp_files": 0, "shared_temp.peak_temp_files": 32, "tpch.total_wal_bytes": 0, "tpch.current_wal_bytes": 0, "tpch.peak_wal_bytes": 0, "tpch.total_db_bytes": 854542008320, "tpch.current_db_bytes": 854542004224, "tpch.peak_db_bytes": 854542004224}
4;23204.27;{"shared_temp.total_spill_bytes": 19457018363904, "shared_temp.active_temp_bytes": 0, "shared_temp.peak_temp_bytes": 249178030080, "shared_temp.active_temp_files": 0, "shared_temp.peak_temp_files": 32, "tpch.total_wal_bytes": 0, "tpch.current_wal_bytes": 0, "tpch.peak_wal_bytes": 0, "tpch.total_db_bytes": 854542008320, "tpch.current_db_bytes": 854542004224, "tpch.peak_db_bytes": 854542004224}
5;33806.68;{"shared_temp.total_spill_bytes": 19457018363904, "shared_temp.active_temp_bytes": 0, "shared_temp.peak_temp_bytes": 249178030080, "shared_temp.active_temp_files": 0, "shared_temp.peak_temp_files": 32, "tpch.total_wal_bytes": 0, "tpch.current_wal_bytes": 0, "tpch.peak_wal_bytes": 0, "tpch.total_db_bytes": 854542008320, "tpch.current_db_bytes": 854542004224, "tpch.peak_db_bytes": 854542004224}
6;25980.64;{"shared_temp.total_spill_bytes": 19457018363904, "shared_temp.active_temp_bytes": 0, "shared_temp.peak_temp_bytes": 249178030080, "shared_temp.active_temp_files": 0, "shared_temp.peak_temp_files": 32, "tpch.total_wal_bytes": 0, "tpch.current_wal_bytes": 0, "tpch.peak_wal_bytes": 0, "tpch.total_db_bytes": 854542008320, "tpch.current_db_bytes": 854542004224, "tpch.peak_db_bytes": 854542004224}
7;107628.34;{"shared_temp.total_spill_bytes": 19501931167744, "shared_temp.active_temp_bytes": 0, "shared_temp.peak_temp_bytes": 249178030080, "shared_temp.active_temp_files": 0, "shared_temp.peak_temp_files": 32, "tpch.total_wal_bytes": 0, "tpch.current_wal_bytes": 0, "tpch.peak_wal_bytes": 0, "tpch.total_db_bytes": 854542008320, "tpch.current_db_bytes": 854542004224, "tpch.peak_db_bytes": 854542004224}
8;45716.00;{"shared_temp.total_spill_bytes": 19501931167744, "shared_temp.active_temp_bytes": 0, "shared_temp.peak_temp_bytes": 249178030080, "shared_temp.active_temp_files": 0, "shared_temp.peak_temp_files": 32, "tpch.total_wal_bytes": 0, "tpch.current_wal_bytes": 0, "tpch.peak_wal_bytes": 0, "tpch.total_db_bytes": 854542008320, "tpch.current_db_bytes": 854542004224, "tpch.peak_db_bytes": 854542004224}
9;521121.63;{"shared_temp.total_spill_bytes": 19847258341376, "shared_temp.active_temp_bytes": 0, "shared_temp.peak_temp_bytes": 249178030080, "shared_temp.active_temp_files": 0, "shared_temp.peak_temp_files": 32, "tpch.total_wal_bytes": 0, "tpch.current_wal_bytes": 0, "tpch.peak_wal_bytes": 0, "tpch.total_db_bytes": 854542008320, "tpch.current_db_bytes": 854542004224, "tpch.peak_db_bytes": 854542004224}
10;373152.98;{"shared_temp.total_spill_bytes": 20291769303040, "shared_temp.active_temp_bytes": 0, "shared_temp.peak_temp_bytes": 249178030080, "shared_temp.active_temp_files": 0, "shared_temp.peak_temp_files": 32, "tpch.total_wal_bytes": 0, "tpch.current_wal_bytes": 0, "tpch.peak_wal_bytes": 0, "tpch.total_db_bytes": 854542008320, "tpch.current_db_bytes": 854542004224, "tpch.peak_db_bytes": 854542004224}
11;3676.81;{"shared_temp.total_spill_bytes": 20291769303040, "shared_temp.active_temp_bytes": 0, "shared_temp.peak_temp_bytes": 249178030080, "shared_temp.active_temp_files": 0, "shared_temp.peak_temp_files": 32, "tpch.total_wal_bytes": 0, "tpch.current_wal_bytes": 0, "tpch.peak_wal_bytes": 0, "tpch.total_db_bytes": 854542008320, "tpch.current_db_bytes": 854542004224, "tpch.peak_db_bytes": 854542004224}
12;25852.66;{"shared_temp.total_spill_bytes": 20291769303040, "shared_temp.active_temp_bytes": 0, "shared_temp.peak_temp_bytes": 249178030080, "shared_temp.active_temp_files": 0, "shared_temp.peak_temp_files": 32, "tpch.total_wal_bytes": 0, "tpch.current_wal_bytes": 0, "tpch.peak_wal_bytes": 0, "tpch.total_db_bytes": 854542008320, "tpch.current_db_bytes": 854542004224, "tpch.peak_db_bytes": 854542004224}
13;158739.25;{"shared_temp.total_spill_bytes": 20377376522240, "shared_temp.active_temp_bytes": 0, "shared_temp.peak_temp_bytes": 249178030080, "shared_temp.active_temp_files": 0, "shared_temp.peak_temp_files": 32, "tpch.total_wal_bytes": 0, "tpch.current_wal_bytes": 0, "tpch.peak_wal_bytes": 0, "tpch.total_db_bytes": 854542008320, "tpch.current_db_bytes": 854542004224, "tpch.peak_db_bytes": 854542004224}
14;47661.88;{"shared_temp.total_spill_bytes": 20382178967552, "shared_temp.active_temp_bytes": 0, "shared_temp.peak_temp_bytes": 249178030080, "shared_temp.active_temp_files": 0, "shared_temp.peak_temp_files": 32, "tpch.total_wal_bytes": 0, "tpch.current_wal_bytes": 0, "tpch.peak_wal_bytes": 0, "tpch.total_db_bytes": 854542008320, "tpch.current_db_bytes": 854542004224, "tpch.peak_db_bytes": 854542004224}
15;29287.62;{"shared_temp.total_spill_bytes": 20382178967552, "shared_temp.active_temp_bytes": 0, "shared_temp.peak_temp_bytes": 249178030080, "shared_temp.active_temp_files": 0, "shared_temp.peak_temp_files": 32, "tpch.total_wal_bytes": 0, "tpch.current_wal_bytes": 0, "tpch.peak_wal_bytes": 0, "tpch.total_db_bytes": 854542008320, "tpch.current_db_bytes": 854542004224, "tpch.peak_db_bytes": 854542004224}
16;26286.59;{"shared_temp.total_spill_bytes": 20394741465088, "shared_temp.active_temp_bytes": 0, "shared_temp.peak_temp_bytes": 249178030080, "shared_temp.active_temp_files": 0, "shared_temp.peak_temp_files": 32, "tpch.total_wal_bytes": 0, "tpch.current_wal_bytes": 0, "tpch.peak_wal_bytes": 0, "tpch.total_db_bytes": 854542008320, "tpch.current_db_bytes": 854542004224, "tpch.peak_db_bytes": 854542004224}
17;41074.96;{"shared_temp.total_spill_bytes": 20394741465088, "shared_temp.active_temp_bytes": 0, "shared_temp.peak_temp_bytes": 249178030080, "shared_temp.active_temp_files": 0, "shared_temp.peak_temp_files": 32, "tpch.total_wal_bytes": 0, "tpch.current_wal_bytes": 0, "tpch.peak_wal_bytes": 0, "tpch.total_db_bytes": 854542008320, "tpch.current_db_bytes": 854542004224, "tpch.peak_db_bytes": 854542004224}
18;1316641.74;{"shared_temp.total_spill_bytes": 22663551582208, "shared_temp.active_temp_bytes": 0, "shared_temp.peak_temp_bytes": 249178030080, "shared_temp.active_temp_files": 0, "shared_temp.peak_temp_files": 32, "tpch.total_wal_bytes": 0, "tpch.current_wal_bytes": 0, "tpch.peak_wal_bytes": 0, "tpch.total_db_bytes": 854542008320, "tpch.current_db_bytes": 854542004224, "tpch.peak_db_bytes": 854542004224}
19;58760.42;{"shared_temp.total_spill_bytes": 22669926629376, "shared_temp.active_temp_bytes": 0, "shared_temp.peak_temp_bytes": 249178030080, "shared_temp.active_temp_files": 0, "shared_temp.peak_temp_files": 32, "tpch.total_wal_bytes": 0, "tpch.current_wal_bytes": 0, "tpch.peak_wal_bytes": 0, "tpch.total_db_bytes": 854542008320, "tpch.current_db_bytes": 854542004224, "tpch.peak_db_bytes": 854542004224}
20;36294.70;{"shared_temp.total_spill_bytes": 22669926629376, "shared_temp.active_temp_bytes": 0, "shared_temp.peak_temp_bytes": 249178030080, "shared_temp.active_temp_files": 0, "shared_temp.peak_temp_files": 32, "tpch.total_wal_bytes": 0, "tpch.current_wal_bytes": 0, "tpch.peak_wal_bytes": 0, "tpch.total_db_bytes": 854542008320, "tpch.current_db_bytes": 854542004224, "tpch.peak_db_bytes": 854542004224}
21;189220.83;{"shared_temp.total_spill_bytes": 22768949952512, "shared_temp.active_temp_bytes": 0, "shared_temp.peak_temp_bytes": 249178030080, "shared_temp.active_temp_files": 0, "shared_temp.peak_temp_files": 32, "tpch.total_wal_bytes": 0, "tpch.current_wal_bytes": 0, "tpch.peak_wal_bytes": 0, "tpch.total_db_bytes": 854542008320, "tpch.current_db_bytes": 854542004224, "tpch.peak_db_bytes": 854542004224}
22;9712.09;{"shared_temp.total_spill_bytes": 22768949952512, "shared_temp.active_temp_bytes": 0, "shared_temp.peak_temp_bytes": 249178030080, "shared_temp.active_temp_files": 0, "shared_temp.peak_temp_files": 32, "tpch.total_wal_bytes": 0, "tpch.current_wal_bytes": 0, "tpch.peak_wal_bytes": 0, "tpch.total_db_bytes": 854542008320, "tpch.current_db_bytes": 854542004224, "tpch.peak_db_bytes": 854542004224}
1;29965.48;{"shared_temp.total_spill_bytes": 22768949952512, "shared_temp.active_temp_bytes": 0, "shared_temp.peak_temp_bytes": 249178030080, "shared_temp.active_temp_files": 0, "shared_temp.peak_temp_files": 32, "tpch.total_wal_bytes": 0, "tpch.current_wal_bytes": 0, "tpch.peak_wal_bytes": 0, "tpch.total_db_bytes": 854542008320, "tpch.current_db_bytes": 854542004224, "tpch.peak_db_bytes": 854542004224}
2;5608.36;{"shared_temp.total_spill_bytes": 22768949952512, "shared_temp.active_temp_bytes": 0, "shared_temp.peak_temp_bytes": 249178030080, "shared_temp.active_temp_files": 0, "shared_temp.peak_temp_files": 32, "tpch.total_wal_bytes": 0, "tpch.current_wal_bytes": 0, "tpch.peak_wal_bytes": 0, "tpch.total_db_bytes": 854542008320, "tpch.current_db_bytes": 854542004224, "tpch.peak_db_bytes": 854542004224}
3;32484.93;{"shared_temp.total_spill_bytes": 22768949952512, "shared_temp.active_temp_bytes": 0, "shared_temp.peak_temp_bytes": 249178030080, "shared_temp.active_temp_files": 0, "shared_temp.peak_temp_files": 32, "tpch.total_wal_bytes": 0, "tpch.current_wal_bytes": 0, "tpch.peak_wal_bytes": 0, "tpch.total_db_bytes": 854542008320, "tpch.current_db_bytes": 854542004224, "tpch.peak_db_bytes": 854542004224}
4;23060.53;{"shared_temp.total_spill_bytes": 22768949952512, "shared_temp.active_temp_bytes": 0, "shared_temp.peak_temp_bytes": 249178030080, "shared_temp.active_temp_files": 0, "shared_temp.peak_temp_files": 32, "tpch.total_wal_bytes": 0, "tpch.current_wal_bytes": 0, "tpch.peak_wal_bytes": 0, "tpch.total_db_bytes": 854542008320, "tpch.current_db_bytes": 854542004224, "tpch.peak_db_bytes": 854542004224}
5;33535.37;{"shared_temp.total_spill_bytes": 22768949952512, "shared_temp.active_temp_bytes": 0, "shared_temp.peak_temp_bytes": 249178030080, "shared_temp.active_temp_files": 0, "shared_temp.peak_temp_files": 32, "tpch.total_wal_bytes": 0, "tpch.current_wal_bytes": 0, "tpch.peak_wal_bytes": 0, "tpch.total_db_bytes": 854542008320, "tpch.current_db_bytes": 854542004224, "tpch.peak_db_bytes": 854542004224}
6;24972.13;{"shared_temp.total_spill_bytes": 22768949952512, "shared_temp.active_temp_bytes": 0, "shared_temp.peak_temp_bytes": 249178030080, "shared_temp.active_temp_files": 0, "shared_temp.peak_temp_files": 32, "tpch.total_wal_bytes": 0, "tpch.current_wal_bytes": 0, "tpch.peak_wal_bytes": 0, "tpch.total_db_bytes": 854542008320, "tpch.current_db_bytes": 854542004224, "tpch.peak_db_bytes": 854542004224}
7;105165.97;{"shared_temp.total_spill_bytes": 22814857330688, "shared_temp.active_temp_bytes": 0, "shared_temp.peak_temp_bytes": 249178030080, "shared_temp.active_temp_files": 0, "shared_temp.peak_temp_files": 32, "tpch.total_wal_bytes": 0, "tpch.current_wal_bytes": 0, "tpch.peak_wal_bytes": 0, "tpch.total_db_bytes": 854542008320, "tpch.current_db_bytes": 854542004224, "tpch.peak_db_bytes": 854542004224}
8;45038.74;{"shared_temp.total_spill_bytes": 22814857330688, "shared_temp.active_temp_bytes": 0, "shared_temp.peak_temp_bytes": 249178030080, "shared_temp.active_temp_files": 0, "shared_temp.peak_temp_files": 32, "tpch.total_wal_bytes": 0, "tpch.current_wal_bytes": 0, "tpch.peak_wal_bytes": 0, "tpch.total_db_bytes": 854542008320, "tpch.current_db_bytes": 854542004224, "tpch.peak_db_bytes": 854542004224}
9;520834.05;{"shared_temp.total_spill_bytes": 23165662658560, "shared_temp.active_temp_bytes": 0, "shared_temp.peak_temp_bytes": 249178030080, "shared_temp.active_temp_files": 0, "shared_temp.peak_temp_files": 32, "tpch.total_wal_bytes": 0, "tpch.current_wal_bytes": 0, "tpch.peak_wal_bytes": 0, "tpch.total_db_bytes": 854542008320, "tpch.current_db_bytes": 854542004224, "tpch.peak_db_bytes": 854542004224}
10;371290.04;{"shared_temp.total_spill_bytes": 23606996893696, "shared_temp.active_temp_bytes": 0, "shared_temp.peak_temp_bytes": 249178030080, "shared_temp.active_temp_files": 0, "shared_temp.peak_temp_files": 32, "tpch.total_wal_bytes": 0, "tpch.current_wal_bytes": 0, "tpch.peak_wal_bytes": 0, "tpch.total_db_bytes": 854542008320, "tpch.current_db_bytes": 854542004224, "tpch.peak_db_bytes": 854542004224}
11;3681.79;{"shared_temp.total_spill_bytes": 23606996893696, "shared_temp.active_temp_bytes": 0, "shared_temp.peak_temp_bytes": 249178030080, "shared_temp.active_temp_files": 0, "shared_temp.peak_temp_files": 32, "tpch.total_wal_bytes": 0, "tpch.current_wal_bytes": 0, "tpch.peak_wal_bytes": 0, "tpch.total_db_bytes": 854542008320, "tpch.current_db_bytes": 854542004224, "tpch.peak_db_bytes": 854542004224}
12;26117.17;{"shared_temp.total_spill_bytes": 23606996893696, "shared_temp.active_temp_bytes": 0, "shared_temp.peak_temp_bytes": 249178030080, "shared_temp.active_temp_files": 0, "shared_temp.peak_temp_files": 32, "tpch.total_wal_bytes": 0, "tpch.current_wal_bytes": 0, "tpch.peak_wal_bytes": 0, "tpch.total_db_bytes": 854542008320, "tpch.current_db_bytes": 854542004224, "tpch.peak_db_bytes": 854542004224}
13;159797.15;{"shared_temp.total_spill_bytes": 23692481298432, "shared_temp.active_temp_bytes": 0, "shared_temp.peak_temp_bytes": 249178030080, "shared_temp.active_temp_files": 0, "shared_temp.peak_temp_files": 32, "tpch.total_wal_bytes": 0, "tpch.current_wal_bytes": 0, "tpch.peak_wal_bytes": 0, "tpch.total_db_bytes": 854542008320, "tpch.current_db_bytes": 854542004224, "tpch.peak_db_bytes": 854542004224}
14;48642.11;{"shared_temp.total_spill_bytes": 23697322246144, "shared_temp.active_temp_bytes": 0, "shared_temp.peak_temp_bytes": 249178030080, "shared_temp.active_temp_files": 0, "shared_temp.peak_temp_files": 32, "tpch.total_wal_bytes": 0, "tpch.current_wal_bytes": 0, "tpch.peak_wal_bytes": 0, "tpch.total_db_bytes": 854542008320, "tpch.current_db_bytes": 854542004224, "tpch.peak_db_bytes": 854542004224}
15;29336.92;{"shared_temp.total_spill_bytes": 23697322246144, "shared_temp.active_temp_bytes": 0, "shared_temp.peak_temp_bytes": 249178030080, "shared_temp.active_temp_files": 0, "shared_temp.peak_temp_files": 32, "tpch.total_wal_bytes": 0, "tpch.current_wal_bytes": 0, "tpch.peak_wal_bytes": 0, "tpch.total_db_bytes": 854542008320, "tpch.current_db_bytes": 854542004224, "tpch.peak_db_bytes": 854542004224}
16;25466.60;{"shared_temp.total_spill_bytes": 23709160210432, "shared_temp.active_temp_bytes": 0, "shared_temp.peak_temp_bytes": 249178030080, "shared_temp.active_temp_files": 0, "shared_temp.peak_temp_files": 32, "tpch.total_wal_bytes": 0, "tpch.current_wal_bytes": 0, "tpch.peak_wal_bytes": 0, "tpch.total_db_bytes": 854542008320, "tpch.current_db_bytes": 854542004224, "tpch.peak_db_bytes": 854542004224}
17;41605.49;{"shared_temp.total_spill_bytes": 23709160210432, "shared_temp.active_temp_bytes": 0, "shared_temp.peak_temp_bytes": 249178030080, "shared_temp.active_temp_files": 0, "shared_temp.peak_temp_files": 32, "tpch.total_wal_bytes": 0, "tpch.current_wal_bytes": 0, "tpch.peak_wal_bytes": 0, "tpch.total_db_bytes": 854542008320, "tpch.current_db_bytes": 854542004224, "tpch.peak_db_bytes": 854542004224}
18;1289475.73;{"shared_temp.total_spill_bytes": 25930251468800, "shared_temp.active_temp_bytes": 0, "shared_temp.peak_temp_bytes": 249178030080, "shared_temp.active_temp_files": 0, "shared_temp.peak_temp_files": 32, "tpch.total_wal_bytes": 0, "tpch.current_wal_bytes": 0, "tpch.peak_wal_bytes": 0, "tpch.total_db_bytes": 854542008320, "tpch.current_db_bytes": 854542004224, "tpch.peak_db_bytes": 854542004224}
19;57917.40;{"shared_temp.total_spill_bytes": 25936569008128, "shared_temp.active_temp_bytes": 0, "shared_temp.peak_temp_bytes": 249178030080, "shared_temp.active_temp_files": 0, "shared_temp.peak_temp_files": 32, "tpch.total_wal_bytes": 0, "tpch.current_wal_bytes": 0, "tpch.peak_wal_bytes": 0, "tpch.total_db_bytes": 854542008320, "tpch.current_db_bytes": 854542004224, "tpch.peak_db_bytes": 854542004224}
20;36298.33;{"shared_temp.total_spill_bytes": 25936569008128, "shared_temp.active_temp_bytes": 0, "shared_temp.peak_temp_bytes": 249178030080, "shared_temp.active_temp_files": 0, "shared_temp.peak_temp_files": 32, "tpch.total_wal_bytes": 0, "tpch.current_wal_bytes": 0, "tpch.peak_wal_bytes": 0, "tpch.total_db_bytes": 854542008320, "tpch.current_db_bytes": 854542004224, "tpch.peak_db_bytes": 854542004224}
21;186431.48;{"shared_temp.total_spill_bytes": 26033094361088, "shared_temp.active_temp_bytes": 0, "shared_temp.peak_temp_bytes": 249178030080, "shared_temp.active_temp_files": 0, "shared_temp.peak_temp_files": 32, "tpch.total_wal_bytes": 0, "tpch.current_wal_bytes": 0, "tpch.peak_wal_bytes": 0, "tpch.total_db_bytes": 854542008320, "tpch.current_db_bytes": 854542004224, "tpch.peak_db_bytes": 854542004224}
22;9082.19;{"shared_temp.total_spill_bytes": 26033094361088, "shared_temp.active_temp_bytes": 0, "shared_temp.peak_temp_bytes": 249178030080, "shared_temp.active_temp_files": 0, "shared_temp.peak_temp_files": 32, "tpch.total_wal_bytes": 0, "tpch.current_wal_bytes": 0, "tpch.peak_wal_bytes": 0, "tpch.total_db_bytes": 854542008320, "tpch.current_db_bytes": 854542004224, "tpch.peak_db_bytes": 854542004224}
1;29984.12;{"shared_temp.total_spill_bytes": 26033094361088, "shared_temp.active_temp_bytes": 0, "shared_temp.peak_temp_bytes": 249178030080, "shared_temp.active_temp_files": 0, "shared_temp.peak_temp_files": 32, "tpch.total_wal_bytes": 0, "tpch.current_wal_bytes": 0, "tpch.peak_wal_bytes": 0, "tpch.total_db_bytes": 854542008320, "tpch.current_db_bytes": 854542004224, "tpch.peak_db_bytes": 854542004224}
2;5458.97;{"shared_temp.total_spill_bytes": 26033094361088, "shared_temp.active_temp_bytes": 0, "shared_temp.peak_temp_bytes": 249178030080, "shared_temp.active_temp_files": 0, "shared_temp.peak_temp_files": 32, "tpch.total_wal_bytes": 0, "tpch.current_wal_bytes": 0, "tpch.peak_wal_bytes": 0, "tpch.total_db_bytes": 854542008320, "tpch.current_db_bytes": 854542004224, "tpch.peak_db_bytes": 854542004224}
3;32392.35;{"shared_temp.total_spill_bytes": 26033094361088, "shared_temp.active_temp_bytes": 0, "shared_temp.peak_temp_bytes": 249178030080, "shared_temp.active_temp_files": 0, "shared_temp.peak_temp_files": 32, "tpch.total_wal_bytes": 0, "tpch.current_wal_bytes": 0, "tpch.peak_wal_bytes": 0, "tpch.total_db_bytes": 854542008320, "tpch.current_db_bytes": 854542004224, "tpch.peak_db_bytes": 854542004224}
4;24335.98;{"shared_temp.total_spill_bytes": 26033094361088, "shared_temp.active_temp_bytes": 0, "shared_temp.peak_temp_bytes": 249178030080, "shared_temp.active_temp_files": 0, "shared_temp.peak_temp_files": 32, "tpch.total_wal_bytes": 0, "tpch.current_wal_bytes": 0, "tpch.peak_wal_bytes": 0, "tpch.total_db_bytes": 854542008320, "tpch.current_db_bytes": 854542004224, "tpch.peak_db_bytes": 854542004224}
5;33115.54;{"shared_temp.total_spill_bytes": 26033094361088, "shared_temp.active_temp_bytes": 0, "shared_temp.peak_temp_bytes": 249178030080, "shared_temp.active_temp_files": 0, "shared_temp.peak_temp_files": 32, "tpch.total_wal_bytes": 0, "tpch.current_wal_bytes": 0, "tpch.peak_wal_bytes": 0, "tpch.total_db_bytes": 854542008320, "tpch.current_db_bytes": 854542004224, "tpch.peak_db_bytes": 854542004224}
6;25580.31;{"shared_temp.total_spill_bytes": 26033094361088, "shared_temp.active_temp_bytes": 0, "shared_temp.peak_temp_bytes": 249178030080, "shared_temp.active_temp_files": 0, "shared_temp.peak_temp_files": 32, "tpch.total_wal_bytes": 0, "tpch.current_wal_bytes": 0, "tpch.peak_wal_bytes": 0, "tpch.total_db_bytes": 854542008320, "tpch.current_db_bytes": 854542004224, "tpch.peak_db_bytes": 854542004224}
7;105217.01;{"shared_temp.total_spill_bytes": 26079900762112, "shared_temp.active_temp_bytes": 0, "shared_temp.peak_temp_bytes": 249178030080, "shared_temp.active_temp_files": 0, "shared_temp.peak_temp_files": 32, "tpch.total_wal_bytes": 0, "tpch.current_wal_bytes": 0, "tpch.peak_wal_bytes": 0, "tpch.total_db_bytes": 854542008320, "tpch.current_db_bytes": 854542004224, "tpch.peak_db_bytes": 854542004224}
8;45189.40;{"shared_temp.total_spill_bytes": 26079900762112, "shared_temp.active_temp_bytes": 0, "shared_temp.peak_temp_bytes": 249178030080, "shared_temp.active_temp_files": 0, "shared_temp.peak_temp_files": 32, "tpch.total_wal_bytes": 0, "tpch.current_wal_bytes": 0, "tpch.peak_wal_bytes": 0, "tpch.total_db_bytes": 854542008320, "tpch.current_db_bytes": 854542004224, "tpch.peak_db_bytes": 854542004224}
9;515001.04;{"shared_temp.total_spill_bytes": 26426142654464, "shared_temp.active_temp_bytes": 0, "shared_temp.peak_temp_bytes": 249178030080, "shared_temp.active_temp_files": 0, "shared_temp.peak_temp_files": 32, "tpch.total_wal_bytes": 0, "tpch.current_wal_bytes": 0, "tpch.peak_wal_bytes": 0, "tpch.total_db_bytes": 854542008320, "tpch.current_db_bytes": 854542004224, "tpch.peak_db_bytes": 854542004224}
10;374766.40;{"shared_temp.total_spill_bytes": 26874551140352, "shared_temp.active_temp_bytes": 0, "shared_temp.peak_temp_bytes": 249178030080, "shared_temp.active_temp_files": 0, "shared_temp.peak_temp_files": 32, "tpch.total_wal_bytes": 0, "tpch.current_wal_bytes": 0, "tpch.peak_wal_bytes": 0, "tpch.total_db_bytes": 854542008320, "tpch.current_db_bytes": 854542004224, "tpch.peak_db_bytes": 854542004224}
11;3681.86;{"shared_temp.total_spill_bytes": 26874551140352, "shared_temp.active_temp_bytes": 0, "shared_temp.peak_temp_bytes": 249178030080, "shared_temp.active_temp_files": 0, "shared_temp.peak_temp_files": 32, "tpch.total_wal_bytes": 0, "tpch.current_wal_bytes": 0, "tpch.peak_wal_bytes": 0, "tpch.total_db_bytes": 854542008320, "tpch.current_db_bytes": 854542004224, "tpch.peak_db_bytes": 854542004224}
12;25849.27;{"shared_temp.total_spill_bytes": 26874551140352, "shared_temp.active_temp_bytes": 0, "shared_temp.peak_temp_bytes": 249178030080, "shared_temp.active_temp_files": 0, "shared_temp.peak_temp_files": 32, "tpch.total_wal_bytes": 0, "tpch.current_wal_bytes": 0, "tpch.peak_wal_bytes": 0, "tpch.total_db_bytes": 854542008320, "tpch.current_db_bytes": 854542004224, "tpch.peak_db_bytes": 854542004224}
13;158328.99;{"shared_temp.total_spill_bytes": 26960109010944, "shared_temp.active_temp_bytes": 0, "shared_temp.peak_temp_bytes": 249178030080, "shared_temp.active_temp_files": 0, "shared_temp.peak_temp_files": 32, "tpch.total_wal_bytes": 0, "tpch.current_wal_bytes": 0, "tpch.peak_wal_bytes": 0, "tpch.total_db_bytes": 854542008320, "tpch.current_db_bytes": 854542004224, "tpch.peak_db_bytes": 854542004224}
14;49054.02;{"shared_temp.total_spill_bytes": 26964871806976, "shared_temp.active_temp_bytes": 0, "shared_temp.peak_temp_bytes": 249178030080, "shared_temp.active_temp_files": 0, "shared_temp.peak_temp_files": 32, "tpch.total_wal_bytes": 0, "tpch.current_wal_bytes": 0, "tpch.peak_wal_bytes": 0, "tpch.total_db_bytes": 854542008320, "tpch.current_db_bytes": 854542004224, "tpch.peak_db_bytes": 854542004224}
15;29343.04;{"shared_temp.total_spill_bytes": 26964871806976, "shared_temp.active_temp_bytes": 0, "shared_temp.peak_temp_bytes": 249178030080, "shared_temp.active_temp_files": 0, "shared_temp.peak_temp_files": 32, "tpch.total_wal_bytes": 0, "tpch.current_wal_bytes": 0, "tpch.peak_wal_bytes": 0, "tpch.total_db_bytes": 854542008320, "tpch.current_db_bytes": 854542004224, "tpch.peak_db_bytes": 854542004224}
16;28180.15;{"shared_temp.total_spill_bytes": 26977727741952, "shared_temp.active_temp_bytes": 0, "shared_temp.peak_temp_bytes": 249178030080, "shared_temp.active_temp_files": 0, "shared_temp.peak_temp_files": 32, "tpch.total_wal_bytes": 0, "tpch.current_wal_bytes": 0, "tpch.peak_wal_bytes": 0, "tpch.total_db_bytes": 854542008320, "tpch.current_db_bytes": 854542004224, "tpch.peak_db_bytes": 854542004224}
17;41655.24;{"shared_temp.total_spill_bytes": 26977727741952, "shared_temp.active_temp_bytes": 0, "shared_temp.peak_temp_bytes": 249178030080, "shared_temp.active_temp_files": 0, "shared_temp.peak_temp_files": 32, "tpch.total_wal_bytes": 0, "tpch.current_wal_bytes": 0, "tpch.peak_wal_bytes": 0, "tpch.total_db_bytes": 854542008320, "tpch.current_db_bytes": 854542004224, "tpch.peak_db_bytes": 854542004224}
18;1269356.64;{"shared_temp.total_spill_bytes": 29169217241088, "shared_temp.active_temp_bytes": 0, "shared_temp.peak_temp_bytes": 249178030080, "shared_temp.active_temp_files": 0, "shared_temp.peak_temp_files": 32, "tpch.total_wal_bytes": 0, "tpch.current_wal_bytes": 0, "tpch.peak_wal_bytes": 0, "tpch.total_db_bytes": 854542008320, "tpch.current_db_bytes": 854542004224, "tpch.peak_db_bytes": 854542004224}
19;57279.71;{"shared_temp.total_spill_bytes": 29175609753600, "shared_temp.active_temp_bytes": 0, "shared_temp.peak_temp_bytes": 249178030080, "shared_temp.active_temp_files": 0, "shared_temp.peak_temp_files": 32, "tpch.total_wal_bytes": 0, "tpch.current_wal_bytes": 0, "tpch.peak_wal_bytes": 0, "tpch.total_db_bytes": 854542008320, "tpch.current_db_bytes": 854542004224, "tpch.peak_db_bytes": 854542004224}
20;36351.03;{"shared_temp.total_spill_bytes": 29175609753600, "shared_temp.active_temp_bytes": 0, "shared_temp.peak_temp_bytes": 249178030080, "shared_temp.active_temp_files": 0, "shared_temp.peak_temp_files": 32, "tpch.total_wal_bytes": 0, "tpch.current_wal_bytes": 0, "tpch.peak_wal_bytes": 0, "tpch.total_db_bytes": 854542008320, "tpch.current_db_bytes": 854542004224, "tpch.peak_db_bytes": 854542004224}
21;186765.51;{"shared_temp.total_spill_bytes": 29273071550464, "shared_temp.active_temp_bytes": 0, "shared_temp.peak_temp_bytes": 249178030080, "shared_temp.active_temp_files": 0, "shared_temp.peak_temp_files": 32, "tpch.total_wal_bytes": 0, "tpch.current_wal_bytes": 0, "tpch.peak_wal_bytes": 0, "tpch.total_db_bytes": 854542008320, "tpch.current_db_bytes": 854542004224, "tpch.peak_db_bytes": 854542004224}
22;9669.87;{"shared_temp.total_spill_bytes": 29273071550464, "shared_temp.active_temp_bytes": 0, "shared_temp.peak_temp_bytes": 249178030080, "shared_temp.active_temp_files": 0, "shared_temp.peak_temp_files": 32, "tpch.total_wal_bytes": 0, "tpch.current_wal_bytes": 0, "tpch.peak_wal_bytes": 0, "tpch.total_db_bytes": 854542008320, "tpch.current_db_bytes": 854542004224, "tpch.peak_db_bytes": 854542004224}
1;29962.83;{"shared_temp.total_spill_bytes": 29273071550464, "shared_temp.active_temp_bytes": 0, "shared_temp.peak_temp_bytes": 249178030080, "shared_temp.active_temp_files": 0, "shared_temp.peak_temp_files": 32, "tpch.total_wal_bytes": 0, "tpch.current_wal_bytes": 0, "tpch.peak_wal_bytes": 0, "tpch.total_db_bytes": 854542008320, "tpch.current_db_bytes": 854542004224, "tpch.peak_db_bytes": 854542004224}
2;5381.84;{"shared_temp.total_spill_bytes": 29273071550464, "shared_temp.active_temp_bytes": 0, "shared_temp.peak_temp_bytes": 249178030080, "shared_temp.active_temp_files": 0, "shared_temp.peak_temp_files": 32, "tpch.total_wal_bytes": 0, "tpch.current_wal_bytes": 0, "tpch.peak_wal_bytes": 0, "tpch.total_db_bytes": 854542008320, "tpch.current_db_bytes": 854542004224, "tpch.peak_db_bytes": 854542004224}
3;32270.14;{"shared_temp.total_spill_bytes": 29273071550464, "shared_temp.active_temp_bytes": 0, "shared_temp.peak_temp_bytes": 249178030080, "shared_temp.active_temp_files": 0, "shared_temp.peak_temp_files": 32, "tpch.total_wal_bytes": 0, "tpch.current_wal_bytes": 0, "tpch.peak_wal_bytes": 0, "tpch.total_db_bytes": 854542008320, "tpch.current_db_bytes": 854542004224, "tpch.peak_db_bytes": 854542004224}
4;23095.25;{"shared_temp.total_spill_bytes": 29273071550464, "shared_temp.active_temp_bytes": 0, "shared_temp.peak_temp_bytes": 249178030080, "shared_temp.active_temp_files": 0, "shared_temp.peak_temp_files": 32, "tpch.total_wal_bytes": 0, "tpch.current_wal_bytes": 0, "tpch.peak_wal_bytes": 0, "tpch.total_db_bytes": 854542008320, "tpch.current_db_bytes": 854542004224, "tpch.peak_db_bytes": 854542004224}
5;34168.69;{"shared_temp.total_spill_bytes": 29273071550464, "shared_temp.active_temp_bytes": 0, "shared_temp.peak_temp_bytes": 249178030080, "shared_temp.active_temp_files": 0, "shared_temp.peak_temp_files": 32, "tpch.total_wal_bytes": 0, "tpch.current_wal_bytes": 0, "tpch.peak_wal_bytes": 0, "tpch.total_db_bytes": 854542008320, "tpch.current_db_bytes": 854542004224, "tpch.peak_db_bytes": 854542004224}
6;25196.20;{"shared_temp.total_spill_bytes": 29273071550464, "shared_temp.active_temp_bytes": 0, "shared_temp.peak_temp_bytes": 249178030080, "shared_temp.active_temp_files": 0, "shared_temp.peak_temp_files": 32, "tpch.total_wal_bytes": 0, "tpch.current_wal_bytes": 0, "tpch.peak_wal_bytes": 0, "tpch.total_db_bytes": 854542008320, "tpch.current_db_bytes": 854542004224, "tpch.peak_db_bytes": 854542004224}
7;105354.01;{"shared_temp.total_spill_bytes": 29319528415232, "shared_temp.active_temp_bytes": 0, "shared_temp.peak_temp_bytes": 249178030080, "shared_temp.active_temp_files": 0, "shared_temp.peak_temp_files": 32, "tpch.total_wal_bytes": 0, "tpch.current_wal_bytes": 0, "tpch.peak_wal_bytes": 0, "tpch.total_db_bytes": 854542008320, "tpch.current_db_bytes": 854542004224, "tpch.peak_db_bytes": 854542004224}
8;45177.60;{"shared_temp.total_spill_bytes": 29319528415232, "shared_temp.active_temp_bytes": 0, "shared_temp.peak_temp_bytes": 249178030080, "shared_temp.active_temp_files": 0, "shared_temp.peak_temp_files": 32, "tpch.total_wal_bytes": 0, "tpch.current_wal_bytes": 0, "tpch.peak_wal_bytes": 0, "tpch.total_db_bytes": 854542008320, "tpch.current_db_bytes": 854542004224, "tpch.peak_db_bytes": 854542004224}
9;519214.03;{"shared_temp.total_spill_bytes": 29667820208128, "shared_temp.active_temp_bytes": 0, "shared_temp.peak_temp_bytes": 249178030080, "shared_temp.active_temp_files": 0, "shared_temp.peak_temp_files": 32, "tpch.total_wal_bytes": 0, "tpch.current_wal_bytes": 0, "tpch.peak_wal_bytes": 0, "tpch.total_db_bytes": 854542008320, "tpch.current_db_bytes": 854542004224, "tpch.peak_db_bytes": 854542004224}
